species,x,y,source,time,gbif_key,datasetKey,datasetTitle,country,province,locality,basisOfRecord,institutionCode,collectionCode,catalogNumber,recordedBy,identifiedBy,references,grid_2p5min_x,grid_2p5min_y,grid_duplicate_status,source_group
Pistia_stratiotes,113.332648,22.905678,GBIF,2025/1/4,5007681904,50c9509d-22c7-4a22-a47d-8c48425ef4a7,iNaturalist research-grade observations,CN,Guangdong,,HUMAN_OBSERVATION,iNaturalist,Observations,257352944,Andrey Efremov,Andrey Efremov,https://www.inaturalist.org/observations/257352944,7039,2709,unique_grid,GBIF strict 2.5-min unique
Pistia_stratiotes,110.420536,22.811003,GBIF,2025/1/16,5063105150,50c9509d-22c7-4a22-a47d-8c48425ef4a7,iNaturalist research-grade observations,CN,Guangxi,,HUMAN_OBSERVATION,iNaturalist,Observations,258905149,mapleafred,mapleafred,https://www.inaturalist.org/observations/258905149,6970,2707,unique_grid,GBIF strict 2.5-min unique
Pistia_stratiotes,103.962517,30.724303,GBIF,2025/1/21,5063217626,50c9509d-22c7-4a22-a47d-8c48425ef4a7,iNaturalist research-grade observations,CN,Sichuan,,HUMAN_OBSERVATION,iNaturalist,Observations,259138257,cathikari,Charles,https://www.inaturalist.org/observations/259138257,6815,2897,unique_grid,GBIF strict 2.5-min unique
Pistia_stratiotes,98.064005,24.742874,GBIF,2025/1/24,5063419301,50c9509d-22c7-4a22-a47d-8c48425ef4a7,iNaturalist research-grade observations,CN,Yunnan,,HUMAN_OBSERVATION,iNaturalist,Observations,259424634,onikiri,onikiri,https://www.inaturalist.org/observations/259424634,6673,2753,unique_grid,GBIF strict 2.5-min unique
Pistia_stratiotes,115.754532,25.258926,GBIF,2025/3/1,5087434853,50c9509d-22c7-4a22-a47d-8c48425ef4a7,iNaturalist research-grade observations,CN,Jiangxi,,HUMAN_OBSERVATION,iNaturalist,Observations,263480096,Stargazer,Stargazer,https://www.inaturalist.org/observations/263480096,7098,2766,unique_grid,GBIF strict 2.5-min unique
Pistia_stratiotes,110.503334,24.788145,GBIF,2025/3/30,5134659855,50c9509d-22c7-4a22-a47d-8c48425ef4a7,iNaturalist research-grade observations,CN,Guangxi,,HUMAN_OBSERVATION,iNaturalist,Observations,269340745,álvaro Mínguez Velasco,álvaro Mínguez Velasco,https://www.inaturalist.org/observations/269340745,6972,2754,unique_grid,GBIF strict 2.5-min unique
Pistia_stratiotes,101.249516,21.927791,GBIF,2025/3/7,5760745976,50c9509d-22c7-4a22-a47d-8c48425ef4a7,iNaturalist research-grade observations,CN,Yunnan,,HUMAN_OBSERVATION,iNaturalist,Observations,307700337,Chuangzao,Chuangzao,https://www.inaturalist.org/observations/307700337,6749,2686,unique_grid,GBIF strict 2.5-min unique
Pistia_stratiotes,109.196333,18.30001,GBIF,2025/3/20,5892750601,50c9509d-22c7-4a22-a47d-8c48425ef4a7,iNaturalist research-grade observations,CN,Hainan,,HUMAN_OBSERVATION,iNaturalist,Observations,266055213,svetlana_minsk_2022,Dzhus Maxim,https://www.inaturalist.org/observations/266055213,6940,2599,unique_grid,GBIF strict 2.5-min unique
Pistia_stratiotes,122.209884,29.988601,GBIF,2025/5/30,5176576489,50c9509d-22c7-4a22-a47d-8c48425ef4a7,iNaturalist research-grade observations,CN,Zhejiang,,HUMAN_OBSERVATION,iNaturalist,Observations,285311346,李博恒,李博恒,https://www.inaturalist.org/observations/285311346,7253,2879,unique_grid,GBIF strict 2.5-min unique
Pistia_stratiotes,106.830708,29.578981,GBIF,2025/6/1,5187633952,50c9509d-22c7-4a22-a47d-8c48425ef4a7,iNaturalist research-grade observations,CN,Chongqing,,HUMAN_OBSERVATION,iNaturalist,Observations,286671066,ydyd,ydyd,https://www.inaturalist.org/observations/286671066,6883,2869,unique_grid,GBIF strict 2.5-min unique
Pistia_stratiotes,115.775936,25.210498,GBIF,2025/6/25,5216670200,50c9509d-22c7-4a22-a47d-8c48425ef4a7,iNaturalist research-grade observations,CN,Jiangxi,,HUMAN_OBSERVATION,iNaturalist,Observations,292840749,Stargazer,Stargazer,https://www.inaturalist.org/observations/292840749,7098,2765,unique_grid,GBIF strict 2.5-min unique
Pistia_stratiotes,102.6749,25.041861,GBIF,2025/6/8,6352659085,50c9509d-22c7-4a22-a47d-8c48425ef4a7,iNaturalist research-grade observations,CN,Yunnan,,HUMAN_OBSERVATION,iNaturalist,Observations,366683539,uioh,uioh,https://www.inaturalist.org/observations/366683539,6784,2761,unique_grid,GBIF strict 2.5-min unique
Pistia_stratiotes,110.435511,24.767173,GBIF,2025/7/3,5216473515,50c9509d-22c7-4a22-a47d-8c48425ef4a7,iNaturalist research-grade observations,CN,Guangxi,,HUMAN_OBSERVATION,iNaturalist,Observations,294863799,Marc Riera,Marc Riera,https://www.inaturalist.org/observations/294863799,6970,2754,unique_grid,GBIF strict 2.5-min unique
Pistia_stratiotes,110.462176,24.731033,GBIF,2025/7/4,5217136634,50c9509d-22c7-4a22-a47d-8c48425ef4a7,iNaturalist research-grade observations,CN,Guangxi,,HUMAN_OBSERVATION,iNaturalist,Observations,295049454,Marc Riera,Marc Riera,https://www.inaturalist.org/observations/295049454,6971,2753,unique_grid,GBIF strict 2.5-min unique
Pistia_stratiotes,106.550249,29.747229,GBIF,2025/7/10,5231281379,50c9509d-22c7-4a22-a47d-8c48425ef4a7,iNaturalist research-grade observations,CN,Chongqing,,HUMAN_OBSERVATION,iNaturalist,Observations,296911671,szlly404,szlly404,https://www.inaturalist.org/observations/296911671,6877,2873,unique_grid,GBIF strict 2.5-min unique
Pistia_stratiotes,120.109092,30.251844,GBIF,2025/7/12,5231817583,50c9509d-22c7-4a22-a47d-8c48425ef4a7,iNaturalist research-grade observations,CN,Zhejiang,,HUMAN_OBSERVATION,iNaturalist,Observations,297188148,昕昕大王??,昕昕大王??,https://www.inaturalist.org/observations/297188148,7202,2886,unique_grid,GBIF strict 2.5-min unique
Pistia_stratiotes,113.917237,22.546745,GBIF,2025/7/18,5292031397,50c9509d-22c7-4a22-a47d-8c48425ef4a7,iNaturalist research-grade observations,CN,Guangdong,,HUMAN_OBSERVATION,iNaturalist,Observations,305434947,Shannon Cheng,JODY HSIEH,https://www.inaturalist.org/observations/305434947,7054,2701,unique_grid,GBIF strict 2.5-min unique
Pistia_stratiotes,110.328476,20.072321,GBIF,2025/8/16,5293321022,50c9509d-22c7-4a22-a47d-8c48425ef4a7,iNaturalist research-grade observations,CN,Hainan,,HUMAN_OBSERVATION,iNaturalist,Observations,306644702,xieminnicki,xieminnicki,https://www.inaturalist.org/observations/306644702,6967,2641,unique_grid,GBIF strict 2.5-min unique
Pistia_stratiotes,118.579872,32.121284,GBIF,2025/8/23,5760251013,50c9509d-22c7-4a22-a47d-8c48425ef4a7,iNaturalist research-grade observations,CN,Jiangsu,,HUMAN_OBSERVATION,iNaturalist,Observations,308315299,老山敬德,老山敬德,https://www.inaturalist.org/observations/308315299,7165,2930,unique_grid,GBIF strict 2.5-min unique
Pistia_stratiotes,118.401383,34.61545,GBIF,2025/8/29,5760310801,50c9509d-22c7-4a22-a47d-8c48425ef4a7,iNaturalist research-grade observations,CN,Shandong,,HUMAN_OBSERVATION,iNaturalist,Observations,309923818,zgy,zgy,https://www.inaturalist.org/observations/309923818,7161,2990,unique_grid,GBIF strict 2.5-min unique
Pistia_stratiotes,116.31617,40.129181,GBIF,2025/9/10,5827411203,50c9509d-22c7-4a22-a47d-8c48425ef4a7,iNaturalist research-grade observations,CN,Beijing,,HUMAN_OBSERVATION,iNaturalist,Observations,312820417,chchencc,chchencc,https://www.inaturalist.org/observations/312820417,7111,3123,unique_grid,GBIF strict 2.5-min unique
Pistia_stratiotes,121.498305,31.284945,GBIF,2025/9/27,5838265472,50c9509d-22c7-4a22-a47d-8c48425ef4a7,iNaturalist research-grade observations,CN,Shanghai,,HUMAN_OBSERVATION,iNaturalist,Observations,316877611,Guanning Liu,Guanning Liu,https://www.inaturalist.org/observations/316877611,7235,2910,unique_grid,GBIF strict 2.5-min unique
Pistia_stratiotes,119.261274,26.063293,GBIF,2025/9/11,5844150712,50c9509d-22c7-4a22-a47d-8c48425ef4a7,iNaturalist research-grade observations,CN,Fujian,,HUMAN_OBSERVATION,iNaturalist,Observations,319073490,wresy,wresy,https://www.inaturalist.org/observations/319073490,7182,2785,unique_grid,GBIF strict 2.5-min unique
Pistia_stratiotes,120.774332,24.068835,GBIF,2025/1/5,5007296934,50c9509d-22c7-4a22-a47d-8c48425ef4a7,iNaturalist research-grade observations,TW,Taichung,,HUMAN_OBSERVATION,iNaturalist,Observations,257437991,賀吉自然生態農場,賀吉自然生態農場,https://www.inaturalist.org/observations/257437991,7218,2737,unique_grid,GBIF strict 2.5-min unique
Pistia_stratiotes,121.581278,25.091333,GBIF,2025/1/6,5007812911,50c9509d-22c7-4a22-a47d-8c48425ef4a7,iNaturalist research-grade observations,TW,Taipei,,HUMAN_OBSERVATION,iNaturalist,Observations,257570412,許慶棠Ray,許慶棠Ray,https://www.inaturalist.org/observations/257570412,7237,2762,unique_grid,GBIF strict 2.5-min unique
Pistia_stratiotes,120.332108,23.228397,GBIF,2025/1/13,5036959724,50c9509d-22c7-4a22-a47d-8c48425ef4a7,iNaturalist research-grade observations,TW,Tainan,,HUMAN_OBSERVATION,iNaturalist,Observations,258376079,garlice99,garlice99,https://www.inaturalist.org/observations/258376079,7207,2717,unique_grid,GBIF strict 2.5-min unique
Pistia_stratiotes,121.534619,25.121028,GBIF,2025/1/14,5063013533,50c9509d-22c7-4a22-a47d-8c48425ef4a7,iNaturalist research-grade observations,TW,Taipei,,HUMAN_OBSERVATION,iNaturalist,Observations,258614380,Peri Lee Pipkin,Peri Lee Pipkin,https://www.inaturalist.org/observations/258614380,7236,2762,unique_grid,GBIF strict 2.5-min unique
Pistia_stratiotes,121.410296,23.658455,GBIF,2025/1/20,5063152056,50c9509d-22c7-4a22-a47d-8c48425ef4a7,iNaturalist research-grade observations,TW,Taiwan,,HUMAN_OBSERVATION,iNaturalist,Observations,259033258,chatzutang,chatzutang,https://www.inaturalist.org/observations/259033258,7233,2727,unique_grid,GBIF strict 2.5-min unique
Pistia_stratiotes,120.359506,23.637446,GBIF,2025/1/21,5063322353,50c9509d-22c7-4a22-a47d-8c48425ef4a7,iNaturalist research-grade observations,TW,Taiwan,,HUMAN_OBSERVATION,iNaturalist,Observations,259245446,Hong,Hong,https://www.inaturalist.org/observations/259245446,7208,2727,unique_grid,GBIF strict 2.5-min unique
Pistia_stratiotes,121.407419,25.165243,GBIF,2025/1/13,5063648375,50c9509d-22c7-4a22-a47d-8c48425ef4a7,iNaturalist research-grade observations,TW,New Taipei,,HUMAN_OBSERVATION,iNaturalist,Observations,260115717,葉子,葉子,https://www.inaturalist.org/observations/260115717,7233,2763,unique_grid,GBIF strict 2.5-min unique
Pistia_stratiotes,121.822833,24.651481,GBIF,2025/1/8,5063968509,50c9509d-22c7-4a22-a47d-8c48425ef4a7,iNaturalist research-grade observations,TW,Taiwan,,HUMAN_OBSERVATION,iNaturalist,Observations,260880263,Max Hsieh(雁子),Max Hsieh(雁子),https://www.inaturalist.org/observations/260880263,7243,2751,unique_grid,GBIF strict 2.5-min unique
Pistia_stratiotes,121.288567,23.200863,GBIF,2025/2/11,5069840585,50c9509d-22c7-4a22-a47d-8c48425ef4a7,iNaturalist research-grade observations,TW,Taiwan,,HUMAN_OBSERVATION,iNaturalist,Observations,261404324,formosanmagpie,formosanmagpie,https://www.inaturalist.org/observations/261404324,7230,2716,unique_grid,GBIF strict 2.5-min unique
Pistia_stratiotes,120.313209,23.183842,GBIF,2025/2/18,5070001243,50c9509d-22c7-4a22-a47d-8c48425ef4a7,iNaturalist research-grade observations,TW,Tainan,,HUMAN_OBSERVATION,iNaturalist,Observations,262061834,林丙火,林丙火,https://www.inaturalist.org/observations/262061834,7207,2716,unique_grid,GBIF strict 2.5-min unique
Pistia_stratiotes,120.422467,23.724608,GBIF,2025/2/21,5076968647,50c9509d-22c7-4a22-a47d-8c48425ef4a7,iNaturalist research-grade observations,TW,Taiwan,,HUMAN_OBSERVATION,iNaturalist,Observations,262468759,歐陽秀華,shiki02,https://www.inaturalist.org/observations/262468759,7210,2729,unique_grid,GBIF strict 2.5-min unique
Pistia_stratiotes,121.500867,24.953452,GBIF,2025/2/24,5077079760,50c9509d-22c7-4a22-a47d-8c48425ef4a7,iNaturalist research-grade observations,TW,New Taipei,,HUMAN_OBSERVATION,iNaturalist,Observations,262911835,sling0319,彭啟賢,https://www.inaturalist.org/observations/262911835,7236,2758,unique_grid,GBIF strict 2.5-min unique
Pistia_stratiotes,120.486126,23.463661,GBIF,2025/3/4,5087465145,50c9509d-22c7-4a22-a47d-8c48425ef4a7,iNaturalist research-grade observations,TW,Taiwan,,HUMAN_OBSERVATION,iNaturalist,Observations,263830638,chiuluan,chiuluan,https://www.inaturalist.org/observations/263830638,7211,2723,unique_grid,GBIF strict 2.5-min unique
Pistia_stratiotes,120.611695,22.645827,GBIF,2025/3/6,5087730453,50c9509d-22c7-4a22-a47d-8c48425ef4a7,iNaturalist research-grade observations,TW,Taiwan,,HUMAN_OBSERVATION,iNaturalist,Observations,264075817,wu-tsai-ching,M. Whitson,https://www.inaturalist.org/observations/264075817,7214,2703,unique_grid,GBIF strict 2.5-min unique
Pistia_stratiotes,120.530371,22.905192,GBIF,2025/3/13,5087935621,50c9509d-22c7-4a22-a47d-8c48425ef4a7,iNaturalist research-grade observations,TW,Kaohsiung,,HUMAN_OBSERVATION,iNaturalist,Observations,265142861,劉宣慈,劉宣慈,https://www.inaturalist.org/observations/265142861,7212,2709,unique_grid,GBIF strict 2.5-min unique
Pistia_stratiotes,121.538106,25.017206,GBIF,2025/3/18,5088053136,50c9509d-22c7-4a22-a47d-8c48425ef4a7,iNaturalist research-grade observations,TW,Taipei,,HUMAN_OBSERVATION,iNaturalist,Observations,265806330,吳昀庭,吳昀庭,https://www.inaturalist.org/observations/265806330,7236,2760,unique_grid,GBIF strict 2.5-min unique
Pistia_stratiotes,120.820223,24.279402,GBIF,2025/3/24,5104664574,50c9509d-22c7-4a22-a47d-8c48425ef4a7,iNaturalist research-grade observations,TW,Taichung,,HUMAN_OBSERVATION,iNaturalist,Observations,266677045,明仁鄧,米嬸,https://www.inaturalist.org/observations/266677045,7219,2742,unique_grid,GBIF strict 2.5-min unique
Pistia_stratiotes,120.698387,24.057673,GBIF,2025/4/12,5133188922,50c9509d-22c7-4a22-a47d-8c48425ef4a7,iNaturalist research-grade observations,TW,Taichung,,HUMAN_OBSERVATION,iNaturalist,Observations,269890198,sumbig9,sumbig9,https://www.inaturalist.org/observations/269890198,7216,2737,unique_grid,GBIF strict 2.5-min unique
Pistia_stratiotes,121.610876,23.940443,GBIF,2025/4/2,5134114122,50c9509d-22c7-4a22-a47d-8c48425ef4a7,iNaturalist research-grade observations,TW,Taiwan,,HUMAN_OBSERVATION,iNaturalist,Observations,268898838,chiuluan,chiuluan,https://www.inaturalist.org/observations/268898838,7238,2734,unique_grid,GBIF strict 2.5-min unique
Pistia_stratiotes,120.591388,23.63815,GBIF,2025/4/26,5140454150,50c9509d-22c7-4a22-a47d-8c48425ef4a7,iNaturalist research-grade observations,TW,Taiwan,,HUMAN_OBSERVATION,iNaturalist,Observations,273696230,歐陽秀華,歐陽秀華,https://www.inaturalist.org/observations/273696230,7214,2727,unique_grid,GBIF strict 2.5-min unique
Pistia_stratiotes,120.971624,24.775313,GBIF,2025/4/27,5140543254,50c9509d-22c7-4a22-a47d-8c48425ef4a7,iNaturalist research-grade observations,TW,Kaohsiung,,HUMAN_OBSERVATION,iNaturalist,Observations,274513241,terisasu,Lijin Huang (紫楝),https://www.inaturalist.org/observations/274513241,7223,2754,unique_grid,GBIF strict 2.5-min unique
Pistia_stratiotes,121.21527,24.952682,GBIF,2025/4/27,5140546300,50c9509d-22c7-4a22-a47d-8c48425ef4a7,iNaturalist research-grade observations,TW,Taipei,,HUMAN_OBSERVATION,iNaturalist,Observations,274503112,ludeyi,ludeyi,https://www.inaturalist.org/observations/274503112,7229,2758,unique_grid,GBIF strict 2.5-min unique
Pistia_stratiotes,121.597755,25.090144,GBIF,2025/4/27,5140550055,50c9509d-22c7-4a22-a47d-8c48425ef4a7,iNaturalist research-grade observations,TW,Taipei,,HUMAN_OBSERVATION,iNaturalist,Observations,274475142,ewdog,ewdog,https://www.inaturalist.org/observations/274475142,7238,2762,unique_grid,GBIF strict 2.5-min unique
Pistia_stratiotes,121.562824,25.043263,GBIF,2025/4/27,5140551677,50c9509d-22c7-4a22-a47d-8c48425ef4a7,iNaturalist research-grade observations,TW,Taipei,,HUMAN_OBSERVATION,iNaturalist,Observations,274349462,Sebastiana,Sebastiana,https://www.inaturalist.org/observations/274349462,7237,2761,unique_grid,GBIF strict 2.5-min unique
Pistia_stratiotes,120.44595,23.692301,GBIF,2025/4/27,5140588826,50c9509d-22c7-4a22-a47d-8c48425ef4a7,iNaturalist research-grade observations,TW,Taiwan,,HUMAN_OBSERVATION,iNaturalist,Observations,274701551,張子見,張子見,https://www.inaturalist.org/observations/274701551,7210,2728,unique_grid,GBIF strict 2.5-min unique
Pistia_stratiotes,120.672551,24.111504,GBIF,2025/4/26,5140885791,50c9509d-22c7-4a22-a47d-8c48425ef4a7,iNaturalist research-grade observations,TW,Taichung,,HUMAN_OBSERVATION,iNaturalist,Observations,276279010,林棋欽,林棋欽,https://www.inaturalist.org/observations/276279010,7216,2738,unique_grid,GBIF strict 2.5-min unique
Pistia_stratiotes,121.688675,24.729738,GBIF,2025/4/28,5141079814,50c9509d-22c7-4a22-a47d-8c48425ef4a7,iNaturalist research-grade observations,TW,Taiwan,,HUMAN_OBSERVATION,iNaturalist,Observations,275893477,橘子拔(橘子熊),橘子拔(橘子熊),https://www.inaturalist.org/observations/275893477,7240,2753,unique_grid,GBIF strict 2.5-min unique
Pistia_stratiotes,121.341376,25.015781,GBIF,2025/4/28,5141086413,50c9509d-22c7-4a22-a47d-8c48425ef4a7,iNaturalist research-grade observations,TW,Taipei,,HUMAN_OBSERVATION,iNaturalist,Observations,275718396,Hsiao-chun Huang,Hsiao-chun Huang,https://www.inaturalist.org/observations/275718396,7232,2760,unique_grid,GBIF strict 2.5-min unique
Pistia_stratiotes,121.499906,24.95222,GBIF,2025/4/29,5141104718,50c9509d-22c7-4a22-a47d-8c48425ef4a7,iNaturalist research-grade observations,TW,New Taipei,,HUMAN_OBSERVATION,iNaturalist,Observations,276491845,牛奶冰淇淋,牛奶冰淇淋,https://www.inaturalist.org/observations/276491845,7235,2758,unique_grid,GBIF strict 2.5-min unique
Pistia_stratiotes,121.303777,23.262045,GBIF,2025/4/30,5153173835,50c9509d-22c7-4a22-a47d-8c48425ef4a7,iNaturalist research-grade observations,TW,Taiwan,,HUMAN_OBSERVATION,iNaturalist,Observations,276881495,黃志龍,黃志龍,https://www.inaturalist.org/observations/276881495,7231,2718,unique_grid,GBIF strict 2.5-min unique
Pistia_stratiotes,120.551536,22.658036,GBIF,2025/4/28,5153809954,50c9509d-22c7-4a22-a47d-8c48425ef4a7,iNaturalist research-grade observations,TW,Taiwan,,HUMAN_OBSERVATION,iNaturalist,Observations,275660823,信吉陳,M. Whitson,https://www.inaturalist.org/observations/275660823,7213,2703,unique_grid,GBIF strict 2.5-min unique
Pistia_stratiotes,120.597,24.000433,GBIF,2025/4/14,6253011473,50c9509d-22c7-4a22-a47d-8c48425ef4a7,iNaturalist research-grade observations,TW,Taiwan,,HUMAN_OBSERVATION,iNaturalist,Observations,347774223,Carson Yang,Carson Yang,https://www.inaturalist.org/observations/347774223,7214,2736,unique_grid,GBIF strict 2.5-min unique
Pistia_stratiotes,120.407387,23.729395,GBIF,2025/5/6,5153326847,50c9509d-22c7-4a22-a47d-8c48425ef4a7,iNaturalist research-grade observations,TW,Taiwan,,HUMAN_OBSERVATION,iNaturalist,Observations,278952924,Bahamut Chao,Bahamut Chao,https://www.inaturalist.org/observations/278952924,7209,2729,unique_grid,GBIF strict 2.5-min unique
Pistia_stratiotes,120.720194,24.254508,GBIF,2025/5/1,5153492848,50c9509d-22c7-4a22-a47d-8c48425ef4a7,iNaturalist research-grade observations,TW,Taichung,,HUMAN_OBSERVATION,iNaturalist,Observations,277197549,潘立傑 LICHIEH_PAN,潘立傑 LICHIEH_PAN,https://www.inaturalist.org/observations/277197549,7217,2742,unique_grid,GBIF strict 2.5-min unique
Pistia_stratiotes,121.091635,24.706447,GBIF,2025/5/17,5167071014,50c9509d-22c7-4a22-a47d-8c48425ef4a7,iNaturalist research-grade observations,TW,Taiwan,,HUMAN_OBSERVATION,iNaturalist,Observations,283366389,kenneth_ke,kenneth_ke,https://www.inaturalist.org/observations/283366389,7226,2752,unique_grid,GBIF strict 2.5-min unique
Pistia_stratiotes,121.539106,24.914794,GBIF,2025/5/6,5230590033,50c9509d-22c7-4a22-a47d-8c48425ef4a7,iNaturalist research-grade observations,TW,New Taipei,,HUMAN_OBSERVATION,iNaturalist,Observations,299532283,葉子,葉子,https://www.inaturalist.org/observations/299532283,7236,2757,unique_grid,GBIF strict 2.5-min unique
Pistia_stratiotes,120.507901,22.710302,GBIF,2025/5/16,5282021083,50c9509d-22c7-4a22-a47d-8c48425ef4a7,iNaturalist research-grade observations,TW,Taiwan,,HUMAN_OBSERVATION,iNaturalist,Observations,302528744,葉子,葉子,https://www.inaturalist.org/observations/302528744,7212,2705,unique_grid,GBIF strict 2.5-min unique
Pistia_stratiotes,120.506746,22.708313,GBIF,2025/5/16,5282295822,50c9509d-22c7-4a22-a47d-8c48425ef4a7,iNaturalist research-grade observations,TW,Taiwan,,HUMAN_OBSERVATION,iNaturalist,Observations,302528737,葉子,葉子,https://www.inaturalist.org/observations/302528737,7212,2704,unique_grid,GBIF strict 2.5-min unique
Pistia_stratiotes,121.477572,25.128689,GBIF,2025/5/10,5903904319,50c9509d-22c7-4a22-a47d-8c48425ef4a7,iNaturalist research-grade observations,TW,Taipei,,HUMAN_OBSERVATION,iNaturalist,Observations,327923389,陳松明,陳松明,https://www.inaturalist.org/observations/327923389,7235,2763,unique_grid,GBIF strict 2.5-min unique
Pistia_stratiotes,120.524569,23.690478,GBIF,2025/6/4,5187849722,50c9509d-22c7-4a22-a47d-8c48425ef4a7,iNaturalist research-grade observations,TW,Taiwan,,HUMAN_OBSERVATION,iNaturalist,Observations,286739889,歐陽秀華,歐陽秀華,https://www.inaturalist.org/observations/286739889,7212,2728,unique_grid,GBIF strict 2.5-min unique
Pistia_stratiotes,121.31143,24.942933,GBIF,2025/6/13,5198954217,50c9509d-22c7-4a22-a47d-8c48425ef4a7,iNaturalist research-grade observations,TW,Taipei,,HUMAN_OBSERVATION,iNaturalist,Observations,289458154,suchihfen,suchihfen,https://www.inaturalist.org/observations/289458154,7231,2758,unique_grid,GBIF strict 2.5-min unique
Pistia_stratiotes,120.557431,24.214924,GBIF,2025/6/14,5199245374,50c9509d-22c7-4a22-a47d-8c48425ef4a7,iNaturalist research-grade observations,TW,Taichung,,HUMAN_OBSERVATION,iNaturalist,Observations,289718186,陳界良,陳界良,https://www.inaturalist.org/observations/289718186,7213,2741,unique_grid,GBIF strict 2.5-min unique
Pistia_stratiotes,121.727048,25.023568,GBIF,2025/6/22,5206058423,50c9509d-22c7-4a22-a47d-8c48425ef4a7,iNaturalist research-grade observations,TW,New Taipei,,HUMAN_OBSERVATION,iNaturalist,Observations,291705689,cocoyoy,Yu Feng,https://www.inaturalist.org/observations/291705689,7241,2760,unique_grid,GBIF strict 2.5-min unique
Pistia_stratiotes,121.545512,24.960272,GBIF,2025/6/16,5206257894,50c9509d-22c7-4a22-a47d-8c48425ef4a7,iNaturalist research-grade observations,TW,New Taipei,,HUMAN_OBSERVATION,iNaturalist,Observations,290893332,dorayoyo,dorayoyo,https://www.inaturalist.org/observations/290893332,7237,2759,unique_grid,GBIF strict 2.5-min unique
Pistia_stratiotes,121.98291,24.668782,GBIF,2025/6/21,5215859057,50c9509d-22c7-4a22-a47d-8c48425ef4a7,iNaturalist research-grade observations,TW,Taiwan,,HUMAN_OBSERVATION,iNaturalist,Observations,295971152,johnchau,johnchau,https://www.inaturalist.org/observations/295971152,7247,2752,unique_grid,GBIF strict 2.5-min unique
Pistia_stratiotes,121.278516,25.087865,GBIF,2025/6/29,5217027666,50c9509d-22c7-4a22-a47d-8c48425ef4a7,iNaturalist research-grade observations,TW,Taipei,,HUMAN_OBSERVATION,iNaturalist,Observations,293562047,xiou1227,Yu Feng,https://www.inaturalist.org/observations/293562047,7230,2762,unique_grid,GBIF strict 2.5-min unique
Pistia_stratiotes,118.413585,24.441022,GBIF,2025/6/21,5217421428,50c9509d-22c7-4a22-a47d-8c48425ef4a7,iNaturalist research-grade observations,TW,Fujian,,HUMAN_OBSERVATION,iNaturalist,Observations,293216630,lava_chen,lava_chen,https://www.inaturalist.org/observations/293216630,7161,2746,unique_grid,GBIF strict 2.5-min unique
Pistia_stratiotes,121.634333,24.750758,GBIF,2025/7/16,5230082293,50c9509d-22c7-4a22-a47d-8c48425ef4a7,iNaturalist research-grade observations,TW,Taiwan,,HUMAN_OBSERVATION,iNaturalist,Observations,298347761,歐陽秀華,Yu Feng,https://www.inaturalist.org/observations/298347761,7239,2754,unique_grid,GBIF strict 2.5-min unique
Pistia_stratiotes,121.684807,24.752623,GBIF,2025/7/8,5230911338,50c9509d-22c7-4a22-a47d-8c48425ef4a7,iNaturalist research-grade observations,TW,Taiwan,,HUMAN_OBSERVATION,iNaturalist,Observations,298405091,吳清鏞,吳清鏞,https://www.inaturalist.org/observations/298405091,7240,2754,unique_grid,GBIF strict 2.5-min unique
Pistia_stratiotes,120.487909,23.353654,GBIF,2025/7/27,5238025502,50c9509d-22c7-4a22-a47d-8c48425ef4a7,iNaturalist research-grade observations,TW,Tainan,,HUMAN_OBSERVATION,iNaturalist,Observations,301524221,garlice99,garlice99,https://www.inaturalist.org/observations/301524221,7211,2720,unique_grid,GBIF strict 2.5-min unique
Pistia_stratiotes,121.494235,25.257824,GBIF,2025/8/2,5282241676,50c9509d-22c7-4a22-a47d-8c48425ef4a7,iNaturalist research-grade observations,TW,New Taipei,,HUMAN_OBSERVATION,iNaturalist,Observations,303027732,陳哲裕,陳哲裕,https://www.inaturalist.org/observations/303027732,7235,2766,unique_grid,GBIF strict 2.5-min unique
Pistia_stratiotes,121.610303,25.212683,GBIF,2025/8/4,5282474702,50c9509d-22c7-4a22-a47d-8c48425ef4a7,iNaturalist research-grade observations,TW,New Taipei,,HUMAN_OBSERVATION,iNaturalist,Observations,303966983,新北市生態服務給付(上傳),M. Whitson,https://www.inaturalist.org/observations/303966983,7238,2765,unique_grid,GBIF strict 2.5-min unique
Pistia_stratiotes,120.988708,24.7979,GBIF,2025/8/13,5292621719,50c9509d-22c7-4a22-a47d-8c48425ef4a7,iNaturalist research-grade observations,TW,Kaohsiung,,HUMAN_OBSERVATION,iNaturalist,Observations,305896364,Chih-Ming Hu,Chih-Ming Hu,https://www.inaturalist.org/observations/305896364,7223,2755,unique_grid,GBIF strict 2.5-min unique
Pistia_stratiotes,120.380293,23.296121,GBIF,2025/8/24,5759510447,50c9509d-22c7-4a22-a47d-8c48425ef4a7,iNaturalist research-grade observations,TW,Tainan,,HUMAN_OBSERVATION,iNaturalist,Observations,310471270,garlice99,garlice99,https://www.inaturalist.org/observations/310471270,7209,2719,unique_grid,GBIF strict 2.5-min unique
Pistia_stratiotes,120.794853,23.730353,GBIF,2025/8/26,5759658563,50c9509d-22c7-4a22-a47d-8c48425ef4a7,iNaturalist research-grade observations,TW,Taiwan,,HUMAN_OBSERVATION,iNaturalist,Observations,309178450,黃美滿,黃美滿,https://www.inaturalist.org/observations/309178450,7219,2729,unique_grid,GBIF strict 2.5-min unique
Pistia_stratiotes,120.887991,24.092882,GBIF,2025/8/24,5759768715,50c9509d-22c7-4a22-a47d-8c48425ef4a7,iNaturalist research-grade observations,TW,Taiwan,,HUMAN_OBSERVATION,iNaturalist,Observations,308625974,huangchuchia,Yu Feng,https://www.inaturalist.org/observations/308625974,7221,2738,unique_grid,GBIF strict 2.5-min unique
Pistia_stratiotes,121.300682,24.898293,GBIF,2025/8/28,5760202740,50c9509d-22c7-4a22-a47d-8c48425ef4a7,iNaturalist research-grade observations,TW,Taipei,,HUMAN_OBSERVATION,iNaturalist,Observations,309639255,puddingcat,,https://www.inaturalist.org/observations/309639255,7231,2757,unique_grid,GBIF strict 2.5-min unique
Pistia_stratiotes,121.053656,24.875097,GBIF,2025/8/24,5760673258,50c9509d-22c7-4a22-a47d-8c48425ef4a7,iNaturalist research-grade observations,TW,Taiwan,,HUMAN_OBSERVATION,iNaturalist,Observations,308653617,卷尾.杰森,卷尾.杰森,https://www.inaturalist.org/observations/308653617,7225,2757,unique_grid,GBIF strict 2.5-min unique
Pistia_stratiotes,121.731409,24.72115,GBIF,2025/8/29,5761030531,50c9509d-22c7-4a22-a47d-8c48425ef4a7,iNaturalist research-grade observations,TW,Taiwan,,HUMAN_OBSERVATION,iNaturalist,Observations,309914329,ihanchen,ihanchen,https://www.inaturalist.org/observations/309914329,7241,2753,unique_grid,GBIF strict 2.5-min unique
Pistia_stratiotes,121.285525,23.154416,GBIF,2025/8/27,5827853138,50c9509d-22c7-4a22-a47d-8c48425ef4a7,iNaturalist research-grade observations,TW,Taiwan,,HUMAN_OBSERVATION,iNaturalist,Observations,311175757,inatpeshualien001,inatural156,https://www.inaturalist.org/observations/311175757,7230,2715,unique_grid,GBIF strict 2.5-min unique
Pistia_stratiotes,121.636777,25.222362,GBIF,2025/8/27,5837893602,50c9509d-22c7-4a22-a47d-8c48425ef4a7,iNaturalist research-grade observations,TW,New Taipei,,HUMAN_OBSERVATION,iNaturalist,Observations,313037300,新北市生態服務給付(上傳),M. Whitson,https://www.inaturalist.org/observations/313037300,7239,2765,unique_grid,GBIF strict 2.5-min unique
Pistia_stratiotes,121.261128,23.303273,GBIF,2025/8/5,5844193493,50c9509d-22c7-4a22-a47d-8c48425ef4a7,iNaturalist research-grade observations,TW,Taiwan,,HUMAN_OBSERVATION,iNaturalist,Observations,319489579,inatpeshualien001,inatpeshualien001,https://www.inaturalist.org/observations/319489579,7230,2719,unique_grid,GBIF strict 2.5-min unique
Pistia_stratiotes,121.493417,23.450572,GBIF,2025/8/12,5889468408,50c9509d-22c7-4a22-a47d-8c48425ef4a7,iNaturalist research-grade observations,TW,Taiwan,,HUMAN_OBSERVATION,iNaturalist,Observations,322343295,inatpeshualien001,inatpeshualien001,https://www.inaturalist.org/observations/322343295,7235,2722,unique_grid,GBIF strict 2.5-min unique
Pistia_stratiotes,121.502434,25.259345,GBIF,2025/9/24,5844139502,50c9509d-22c7-4a22-a47d-8c48425ef4a7,iNaturalist research-grade observations,TW,New Taipei,,HUMAN_OBSERVATION,iNaturalist,Observations,320650313,新北市生態服務給付(上傳),Lu Yik Hi,https://www.inaturalist.org/observations/320650313,7236,2766,unique_grid,GBIF strict 2.5-min unique
Pistia_stratiotes,113.908919,22.233604,GBIF,2025/4/25,5140458458,50c9509d-22c7-4a22-a47d-8c48425ef4a7,iNaturalist research-grade observations,HK,Islands,,HUMAN_OBSERVATION,iNaturalist,Observations,273511198,Alexey Reshchikov,Alexey Reshchikov,https://www.inaturalist.org/observations/273511198,7053,2693,unique_grid,GBIF strict 2.5-min unique
Pistia_stratiotes,114.219318,22.474533,GBIF,2025/4/27,5140622318,50c9509d-22c7-4a22-a47d-8c48425ef4a7,iNaturalist research-grade observations,HK,Tai Po,,HUMAN_OBSERVATION,iNaturalist,Observations,274474286,SzeSze Crystal,SzeSze Crystal,https://www.inaturalist.org/observations/274474286,7061,2699,unique_grid,GBIF strict 2.5-min unique
Pistia_stratiotes,113.975547,22.242014,GBIF,2025/4/28,5140788928,50c9509d-22c7-4a22-a47d-8c48425ef4a7,iNaturalist research-grade observations,HK,Islands,,HUMAN_OBSERVATION,iNaturalist,Observations,275588527,Simon Williams,Simon Williams,https://www.inaturalist.org/observations/275588527,7055,2693,unique_grid,GBIF strict 2.5-min unique
Pistia_stratiotes,114.098128,22.433787,GBIF,2025/7/15,5230827280,50c9509d-22c7-4a22-a47d-8c48425ef4a7,iNaturalist research-grade observations,HK,Tai Po,,HUMAN_OBSERVATION,iNaturalist,Observations,298163960,H.T.Cheng,H.T.Cheng,https://www.inaturalist.org/observations/298163960,7058,2698,unique_grid,GBIF strict 2.5-min unique
Pistia_stratiotes,113.559625,22.153161,GBIF,2025/4/26,5140332604,50c9509d-22c7-4a22-a47d-8c48425ef4a7,iNaturalist research-grade observations,MO,Ilhas,,HUMAN_OBSERVATION,iNaturalist,Observations,273559707,Man Lao Chan,Man Lao Chan,https://www.inaturalist.org/observations/273559707,7045,2691,unique_grid,GBIF strict 2.5-min unique
Pistia_stratiotes,113.543551,22.209391,GBIF,2025/4/27,5140523908,50c9509d-22c7-4a22-a47d-8c48425ef4a7,iNaturalist research-grade observations,MO,Macau,,HUMAN_OBSERVATION,iNaturalist,Observations,274414159,ponginloi,ponginloi,https://www.inaturalist.org/observations/274414159,7045,2693,unique_grid,GBIF strict 2.5-min unique
Pistia_stratiotes,113.548225,22.200358,GBIF,2025/4/27,5140730382,50c9509d-22c7-4a22-a47d-8c48425ef4a7,iNaturalist research-grade observations,MO,Macau,,HUMAN_OBSERVATION,iNaturalist,Observations,274562246,Jaymond Leong,Jaymond Leong,https://www.inaturalist.org/observations/274562246,7045,2692,unique_grid,GBIF strict 2.5-min unique
Pistia_stratiotes,113.535435,22.187708,GBIF,2025/4/27,5140748598,50c9509d-22c7-4a22-a47d-8c48425ef4a7,iNaturalist research-grade observations,MO,Macau,,HUMAN_OBSERVATION,iNaturalist,Observations,274557673,Luca Bai,Luca Bai,https://www.inaturalist.org/observations/274557673,7044,2692,unique_grid,GBIF strict 2.5-min unique
Pistia_stratiotes,116.110118,25.106341,GBIF,2024/1/21,4516893446,50c9509d-22c7-4a22-a47d-8c48425ef4a7,iNaturalist research-grade observations,CN,Fujian,,HUMAN_OBSERVATION,iNaturalist,Observations,197215085,Stargazer,Stargazer,https://www.inaturalist.org/observations/197215085,7106,2762,unique_grid,GBIF strict 2.5-min unique
Pistia_stratiotes,114.33567,23.657978,GBIF,2024/2/9,4522670465,50c9509d-22c7-4a22-a47d-8c48425ef4a7,iNaturalist research-grade observations,CN,Guangdong,,HUMAN_OBSERVATION,iNaturalist,Observations,198784752,Cédric DEL RIO,Cédric DEL RIO,https://www.inaturalist.org/observations/198784752,7064,2727,unique_grid,GBIF strict 2.5-min unique
Pistia_stratiotes,101.254799,21.927481,GBIF,2024/2/23,4527994085,50c9509d-22c7-4a22-a47d-8c48425ef4a7,iNaturalist research-grade observations,CN,Yunnan,,HUMAN_OBSERVATION,iNaturalist,Observations,200183490,guanhong,guanhong,https://www.inaturalist.org/observations/200183490,6750,2686,unique_grid,GBIF strict 2.5-min unique
Pistia_stratiotes,100.762542,22.019631,GBIF,2024/2/19,4528250535,50c9509d-22c7-4a22-a47d-8c48425ef4a7,iNaturalist research-grade observations,CN,Yunnan,,HUMAN_OBSERVATION,iNaturalist,Observations,199989924,MP Zhou,MP Zhou,https://www.inaturalist.org/observations/199989924,6738,2688,unique_grid,GBIF strict 2.5-min unique
Pistia_stratiotes,118.097358,24.434287,GBIF,2024/6/23,4904123066,50c9509d-22c7-4a22-a47d-8c48425ef4a7,iNaturalist research-grade observations,CN,Fujian,,HUMAN_OBSERVATION,iNaturalist,Observations,224583487,Guanning Liu,Guanning Liu,https://www.inaturalist.org/observations/224583487,7154,2746,unique_grid,GBIF strict 2.5-min unique
Pistia_stratiotes,121.550697,29.84984,GBIF,2024/6/21,4946620676,50c9509d-22c7-4a22-a47d-8c48425ef4a7,iNaturalist research-grade observations,CN,Zhejiang,,HUMAN_OBSERVATION,iNaturalist,Observations,224189578,shiguangshi,M. Whitson,https://www.inaturalist.org/observations/224189578,7237,2876,unique_grid,GBIF strict 2.5-min unique
Pistia_stratiotes,108.332863,21.7545,GBIF,2024/7/16,4908842433,50c9509d-22c7-4a22-a47d-8c48425ef4a7,iNaturalist research-grade observations,CN,Guangxi,,HUMAN_OBSERVATION,iNaturalist,Observations,229675179,p_concolor,p_concolor,https://www.inaturalist.org/observations/229675179,6919,2682,unique_grid,GBIF strict 2.5-min unique
Pistia_stratiotes,106.935374,22.707005,GBIF,2024/9/3,4936078364,50c9509d-22c7-4a22-a47d-8c48425ef4a7,iNaturalist research-grade observations,CN,Guangxi,,HUMAN_OBSERVATION,iNaturalist,Observations,239595468,Cédric DEL RIO,Cédric DEL RIO,https://www.inaturalist.org/observations/239595468,6886,2704,unique_grid,GBIF strict 2.5-min unique
Pistia_stratiotes,114.686941,26.415813,GBIF,2024/9/13,4980452456,50c9509d-22c7-4a22-a47d-8c48425ef4a7,iNaturalist research-grade observations,CN,Jiangxi,,HUMAN_OBSERVATION,iNaturalist,Observations,250799934,fat_man,fat_man,https://www.inaturalist.org/observations/250799934,7072,2793,unique_grid,GBIF strict 2.5-min unique
Pistia_stratiotes,115.672031,24.23438,GBIF,2024/10/15,4954478246,50c9509d-22c7-4a22-a47d-8c48425ef4a7,iNaturalist research-grade observations,CN,Guangdong,,HUMAN_OBSERVATION,iNaturalist,Observations,247480186,cuter44,cuter44,https://www.inaturalist.org/observations/247480186,7096,2741,unique_grid,GBIF strict 2.5-min unique
Pistia_stratiotes,114.047861,22.543516,GBIF,2024/10/10,4954786444,50c9509d-22c7-4a22-a47d-8c48425ef4a7,iNaturalist research-grade observations,CN,Guangdong,,HUMAN_OBSERVATION,iNaturalist,Observations,246700036,szlinda,szlinda,https://www.inaturalist.org/observations/246700036,7057,2701,unique_grid,GBIF strict 2.5-min unique
Pistia_stratiotes,113.349205,23.156696,GBIF,2024/10/18,4973901443,50c9509d-22c7-4a22-a47d-8c48425ef4a7,iNaturalist research-grade observations,CN,Guangdong,,HUMAN_OBSERVATION,iNaturalist,Observations,247890806,fachwang,fachwang,https://www.inaturalist.org/observations/247890806,7040,2715,unique_grid,GBIF strict 2.5-min unique
Pistia_stratiotes,116.241669,40.103229,GBIF,2024/10/30,4978500339,50c9509d-22c7-4a22-a47d-8c48425ef4a7,iNaturalist research-grade observations,CN,Beijing,,HUMAN_OBSERVATION,iNaturalist,Observations,249761127,zdk0812,zdk0812,https://www.inaturalist.org/observations/249761127,7109,3122,unique_grid,GBIF strict 2.5-min unique
Pistia_stratiotes,112.109422,22.170847,GBIF,2024/11/10,4981995490,50c9509d-22c7-4a22-a47d-8c48425ef4a7,iNaturalist research-grade observations,CN,Guangdong,,HUMAN_OBSERVATION,iNaturalist,Observations,251515886,fslpanttwo,fslpanttwo,https://www.inaturalist.org/observations/251515886,7010,2692,unique_grid,GBIF strict 2.5-min unique
Pistia_stratiotes,120.558845,23.452887,GBIF,2024/1/24,4516333279,50c9509d-22c7-4a22-a47d-8c48425ef4a7,iNaturalist research-grade observations,TW,Taiwan,,HUMAN_OBSERVATION,iNaturalist,Observations,197429744,briansue,葉子,https://www.inaturalist.org/observations/197429744,7213,2722,unique_grid,GBIF strict 2.5-min unique
Pistia_stratiotes,120.677436,23.727412,GBIF,2024/1/28,4516441804,50c9509d-22c7-4a22-a47d-8c48425ef4a7,iNaturalist research-grade observations,TW,Taiwan,,HUMAN_OBSERVATION,iNaturalist,Observations,197763860,along2022,葉子,https://www.inaturalist.org/observations/197763860,7216,2729,unique_grid,GBIF strict 2.5-min unique
Pistia_stratiotes,120.241997,22.918087,GBIF,2024/1/16,5007129224,50c9509d-22c7-4a22-a47d-8c48425ef4a7,iNaturalist research-grade observations,TW,Tainan,,HUMAN_OBSERVATION,iNaturalist,Observations,197370710,cpumerci,葉子,https://www.inaturalist.org/observations/197370710,7205,2710,unique_grid,GBIF strict 2.5-min unique
Pistia_stratiotes,121.853105,24.590829,GBIF,2024/2/18,4525282729,50c9509d-22c7-4a22-a47d-8c48425ef4a7,iNaturalist research-grade observations,TW,Taiwan,,HUMAN_OBSERVATION,iNaturalist,Observations,199636747,邱麗卿,Yu Feng,https://www.inaturalist.org/observations/199636747,7244,2750,unique_grid,GBIF strict 2.5-min unique
Pistia_stratiotes,121.586355,24.967255,GBIF,2024/2/18,4525305217,50c9509d-22c7-4a22-a47d-8c48425ef4a7,iNaturalist research-grade observations,TW,Taipei,,HUMAN_OBSERVATION,iNaturalist,Observations,199653596,suchihfen,suchihfen,https://www.inaturalist.org/observations/199653596,7238,2759,unique_grid,GBIF strict 2.5-min unique
Pistia_stratiotes,120.29687,23.406682,GBIF,2024/2/25,4528081699,50c9509d-22c7-4a22-a47d-8c48425ef4a7,iNaturalist research-grade observations,TW,Taiwan,,HUMAN_OBSERVATION,iNaturalist,Observations,200372114,歐陽秀華,歐陽秀華,https://www.inaturalist.org/observations/200372114,7207,2721,unique_grid,GBIF strict 2.5-min unique
Pistia_stratiotes,121.539185,25.17061,GBIF,2024/2/24,4597266767,50c9509d-22c7-4a22-a47d-8c48425ef4a7,iNaturalist research-grade observations,TW,Taipei,,HUMAN_OBSERVATION,iNaturalist,Observations,201664814,Jurga Motiejūnait?,Jurga Motiejūnait?,https://www.inaturalist.org/observations/201664814,7236,2764,unique_grid,GBIF strict 2.5-min unique
Pistia_stratiotes,121.808859,25.011089,GBIF,2024/3/11,4597027831,50c9509d-22c7-4a22-a47d-8c48425ef4a7,iNaturalist research-grade observations,TW,New Taipei,,HUMAN_OBSERVATION,iNaturalist,Observations,202437222,陳界良,陳界良,https://www.inaturalist.org/observations/202437222,7243,2760,unique_grid,GBIF strict 2.5-min unique
Pistia_stratiotes,121.500613,23.460276,GBIF,2024/4/4,4607082986,50c9509d-22c7-4a22-a47d-8c48425ef4a7,iNaturalist research-grade observations,TW,Taiwan,,HUMAN_OBSERVATION,iNaturalist,Observations,205357014,yii,yii,https://www.inaturalist.org/observations/205357014,7236,2723,unique_grid,GBIF strict 2.5-min unique
Pistia_stratiotes,121.581374,23.897938,GBIF,2024/4/4,4607144061,50c9509d-22c7-4a22-a47d-8c48425ef4a7,iNaturalist research-grade observations,TW,Taiwan,,HUMAN_OBSERVATION,iNaturalist,Observations,205868620,chiuluan,chiuluan,https://www.inaturalist.org/observations/205868620,7237,2733,unique_grid,GBIF strict 2.5-min unique
Pistia_stratiotes,121.756458,24.658161,GBIF,2024/4/10,4607396642,50c9509d-22c7-4a22-a47d-8c48425ef4a7,iNaturalist research-grade observations,TW,Taiwan,,HUMAN_OBSERVATION,iNaturalist,Observations,206399188,Photo Kao,Photo Kao,https://www.inaturalist.org/observations/206399188,7242,2751,unique_grid,GBIF strict 2.5-min unique
Pistia_stratiotes,120.298028,22.680692,GBIF,2024/4/14,4846906705,50c9509d-22c7-4a22-a47d-8c48425ef4a7,iNaturalist research-grade observations,TW,Kaohsiung,,HUMAN_OBSERVATION,iNaturalist,Observations,207115537,peggytsai,galanhsnu,https://www.inaturalist.org/observations/207115537,7207,2704,unique_grid,GBIF strict 2.5-min unique
Pistia_stratiotes,120.597531,23.767225,GBIF,2024/4/12,4847098332,50c9509d-22c7-4a22-a47d-8c48425ef4a7,iNaturalist research-grade observations,TW,Taiwan,,HUMAN_OBSERVATION,iNaturalist,Observations,207574059,Hong,Hong,https://www.inaturalist.org/observations/207574059,7214,2730,unique_grid,GBIF strict 2.5-min unique
Pistia_stratiotes,120.284762,22.657693,GBIF,2024/4/15,4847255919,50c9509d-22c7-4a22-a47d-8c48425ef4a7,iNaturalist research-grade observations,TW,Kaohsiung,,HUMAN_OBSERVATION,iNaturalist,Observations,207355365,nawendy,nawendy,https://www.inaturalist.org/observations/207355365,7206,2703,unique_grid,GBIF strict 2.5-min unique
Pistia_stratiotes,120.625613,23.726122,GBIF,2024/4/27,4851751994,50c9509d-22c7-4a22-a47d-8c48425ef4a7,iNaturalist research-grade observations,TW,Taiwan,,HUMAN_OBSERVATION,iNaturalist,Observations,210104019,ttnwen,ttnwen,https://www.inaturalist.org/observations/210104019,7215,2729,unique_grid,GBIF strict 2.5-min unique
Pistia_stratiotes,121.074375,24.757542,GBIF,2024/4/26,4852486468,50c9509d-22c7-4a22-a47d-8c48425ef4a7,iNaturalist research-grade observations,TW,Taiwan,,HUMAN_OBSERVATION,iNaturalist,Observations,210685888,長鬃山羊,長鬃山羊,https://www.inaturalist.org/observations/210685888,7225,2754,unique_grid,GBIF strict 2.5-min unique
Pistia_stratiotes,121.751915,24.739891,GBIF,2024/4/26,4853122482,50c9509d-22c7-4a22-a47d-8c48425ef4a7,iNaturalist research-grade observations,TW,Taiwan,,HUMAN_OBSERVATION,iNaturalist,Observations,209556912,金翼白眉,inatural156,https://www.inaturalist.org/observations/209556912,7242,2753,unique_grid,GBIF strict 2.5-min unique
Pistia_stratiotes,121.575111,25.133669,GBIF,2024/5/5,4867862793,50c9509d-22c7-4a22-a47d-8c48425ef4a7,iNaturalist research-grade observations,TW,Taipei,,HUMAN_OBSERVATION,iNaturalist,Observations,216098240,周志和,周志和,https://www.inaturalist.org/observations/216098240,7237,2763,unique_grid,GBIF strict 2.5-min unique
Pistia_stratiotes,121.274439,25.018983,GBIF,2024/5/21,4872352720,50c9509d-22c7-4a22-a47d-8c48425ef4a7,iNaturalist research-grade observations,TW,Taipei,,HUMAN_OBSERVATION,iNaturalist,Observations,217438692,ayohung,ayohung,https://www.inaturalist.org/observations/217438692,7230,2760,unique_grid,GBIF strict 2.5-min unique
Pistia_stratiotes,118.232278,24.444447,GBIF,2024/5/23,4872506979,50c9509d-22c7-4a22-a47d-8c48425ef4a7,iNaturalist research-grade observations,TW,Fujian,,HUMAN_OBSERVATION,iNaturalist,Observations,217657185,洪清漳,洪清漳,https://www.inaturalist.org/observations/217657185,7157,2746,unique_grid,GBIF strict 2.5-min unique
Pistia_stratiotes,121.442116,24.972071,GBIF,2024/5/28,4935845921,50c9509d-22c7-4a22-a47d-8c48425ef4a7,iNaturalist research-grade observations,TW,New Taipei,,HUMAN_OBSERVATION,iNaturalist,Observations,218835230,張棋翔,M. Whitson,https://www.inaturalist.org/observations/218835230,7234,2759,unique_grid,GBIF strict 2.5-min unique
Pistia_stratiotes,120.789153,23.86645,GBIF,2024/6/13,4902037848,50c9509d-22c7-4a22-a47d-8c48425ef4a7,iNaturalist research-grade observations,TW,Taiwan,,HUMAN_OBSERVATION,iNaturalist,Observations,222382766,歐陽秀華,歐陽秀華,https://www.inaturalist.org/observations/222382766,7218,2732,unique_grid,GBIF strict 2.5-min unique
Pistia_stratiotes,121.459895,25.071189,GBIF,2024/6/3,4945728580,50c9509d-22c7-4a22-a47d-8c48425ef4a7,iNaturalist research-grade observations,TW,New Taipei,,HUMAN_OBSERVATION,iNaturalist,Observations,241640920,葉子,葉子,https://www.inaturalist.org/observations/241640920,7235,2761,unique_grid,GBIF strict 2.5-min unique
Pistia_stratiotes,121.113059,24.820018,GBIF,2024/7/14,4908937879,50c9509d-22c7-4a22-a47d-8c48425ef4a7,iNaturalist research-grade observations,TW,Taiwan,,HUMAN_OBSERVATION,iNaturalist,Observations,229307251,方伊琳(阿鈣),方伊琳(阿鈣),https://www.inaturalist.org/observations/229307251,7226,2755,unique_grid,GBIF strict 2.5-min unique
Pistia_stratiotes,121.765589,24.802973,GBIF,2024/7/12,4909289206,50c9509d-22c7-4a22-a47d-8c48425ef4a7,iNaturalist research-grade observations,TW,Taiwan,,HUMAN_OBSERVATION,iNaturalist,Observations,228777913,張睿引,張睿引,https://www.inaturalist.org/observations/228777913,7242,2755,unique_grid,GBIF strict 2.5-min unique
Pistia_stratiotes,121.527505,23.614906,GBIF,2024/7/22,4993961146,50c9509d-22c7-4a22-a47d-8c48425ef4a7,iNaturalist research-grade observations,TW,Taiwan,,HUMAN_OBSERVATION,iNaturalist,Observations,254609064,inatpeshualien001,inatpeshualien001,https://www.inaturalist.org/observations/254609064,7236,2726,unique_grid,GBIF strict 2.5-min unique
Pistia_stratiotes,121.194237,25.058406,GBIF,2024/8/8,4923717240,50c9509d-22c7-4a22-a47d-8c48425ef4a7,iNaturalist research-grade observations,TW,Taipei,,HUMAN_OBSERVATION,iNaturalist,Observations,234449399,cpumerci,cpumerci,https://www.inaturalist.org/observations/234449399,7228,2761,unique_grid,GBIF strict 2.5-min unique
Pistia_stratiotes,121.159463,24.845679,GBIF,2024/8/26,4945911495,50c9509d-22c7-4a22-a47d-8c48425ef4a7,iNaturalist research-grade observations,TW,Taiwan,,HUMAN_OBSERVATION,iNaturalist,Observations,240682958,Penny Wang,Penny Wang,https://www.inaturalist.org/observations/240682958,7227,2756,unique_grid,GBIF strict 2.5-min unique
Pistia_stratiotes,120.557456,24.081942,GBIF,2024/8/21,5292729648,50c9509d-22c7-4a22-a47d-8c48425ef4a7,iNaturalist research-grade observations,TW,Taiwan,,HUMAN_OBSERVATION,iNaturalist,Observations,305759071,Carson Yang,米嬸,https://www.inaturalist.org/observations/305759071,7213,2737,unique_grid,GBIF strict 2.5-min unique
Pistia_stratiotes,121.474892,23.668489,GBIF,2024/9/21,4950020240,50c9509d-22c7-4a22-a47d-8c48425ef4a7,iNaturalist research-grade observations,TW,Taiwan,,HUMAN_OBSERVATION,iNaturalist,Observations,243115813,wei-fun_chiang,wei-fun_chiang,https://www.inaturalist.org/observations/243115813,7235,2728,unique_grid,GBIF strict 2.5-min unique
Pistia_stratiotes,121.239397,23.177742,GBIF,2024/9/2,4994136065,50c9509d-22c7-4a22-a47d-8c48425ef4a7,iNaturalist research-grade observations,TW,Taiwan,,HUMAN_OBSERVATION,iNaturalist,Observations,253363727,inatpeshualien001,M. Whitson,https://www.inaturalist.org/observations/253363727,7229,2716,unique_grid,GBIF strict 2.5-min unique
Pistia_stratiotes,120.708514,22.003514,GBIF,2024/10/26,4980682941,50c9509d-22c7-4a22-a47d-8c48425ef4a7,iNaturalist research-grade observations,TW,Taiwan,,HUMAN_OBSERVATION,iNaturalist,Observations,250977888,Paul Norwood,Paul Norwood,https://www.inaturalist.org/observations/250977888,7217,2688,unique_grid,GBIF strict 2.5-min unique
Pistia_stratiotes,121.822098,24.997184,GBIF,2024/10/23,4981975172,50c9509d-22c7-4a22-a47d-8c48425ef4a7,iNaturalist research-grade observations,TW,New Taipei,,HUMAN_OBSERVATION,iNaturalist,Observations,252247793,新北市生態服務給付(上傳),新北市生態服務給付(上傳),https://www.inaturalist.org/observations/252247793,7243,2759,unique_grid,GBIF strict 2.5-min unique
Pistia_stratiotes,120.320316,23.565148,GBIF,2024/10/26,5176827498,50c9509d-22c7-4a22-a47d-8c48425ef4a7,iNaturalist research-grade observations,TW,Taiwan,,HUMAN_OBSERVATION,iNaturalist,Observations,249487265,胡正恆(Jackson Hu),胡正恆(Jackson Hu),https://www.inaturalist.org/observations/249487265,7207,2725,unique_grid,GBIF strict 2.5-min unique
Pistia_stratiotes,120.603607,24.205935,GBIF,2024/11/14,4981972572,50c9509d-22c7-4a22-a47d-8c48425ef4a7,iNaturalist research-grade observations,TW,Taichung,,HUMAN_OBSERVATION,iNaturalist,Observations,251613614,babc,babc,https://www.inaturalist.org/observations/251613614,7214,2740,unique_grid,GBIF strict 2.5-min unique
Pistia_stratiotes,120.264757,22.724619,GBIF,2024/11/24,4987854634,50c9509d-22c7-4a22-a47d-8c48425ef4a7,iNaturalist research-grade observations,TW,Kaohsiung,,HUMAN_OBSERVATION,iNaturalist,Observations,253075803,greenshank,greenshank,https://www.inaturalist.org/observations/253075803,7206,2705,unique_grid,GBIF strict 2.5-min unique
Pistia_stratiotes,121.759421,24.624591,GBIF,2024/11/28,4994561575,50c9509d-22c7-4a22-a47d-8c48425ef4a7,iNaturalist research-grade observations,TW,Taiwan,,HUMAN_OBSERVATION,iNaturalist,Observations,253369120,sandy-huiping,sandy-huiping,https://www.inaturalist.org/observations/253369120,7242,2750,unique_grid,GBIF strict 2.5-min unique
Pistia_stratiotes,121.39008,24.966818,GBIF,2024/11/25,5177036557,50c9509d-22c7-4a22-a47d-8c48425ef4a7,iNaturalist research-grade observations,TW,New Taipei,,HUMAN_OBSERVATION,iNaturalist,Observations,253699467,胡正恆(Jackson Hu),胡正恆(Jackson Hu),https://www.inaturalist.org/observations/253699467,7233,2759,unique_grid,GBIF strict 2.5-min unique
Pistia_stratiotes,120.364922,22.627711,GBIF,2024/12/9,4994157867,50c9509d-22c7-4a22-a47d-8c48425ef4a7,iNaturalist research-grade observations,TW,Kaohsiung,,HUMAN_OBSERVATION,iNaturalist,Observations,254728319,洪阿愷,洪阿愷,https://www.inaturalist.org/observations/254728319,7208,2703,unique_grid,GBIF strict 2.5-min unique
Pistia_stratiotes,120.311734,23.272362,GBIF,2024/12/16,5006979944,50c9509d-22c7-4a22-a47d-8c48425ef4a7,iNaturalist research-grade observations,TW,Tainan,,HUMAN_OBSERVATION,iNaturalist,Observations,256377445,garlice99,garlice99,https://www.inaturalist.org/observations/256377445,7207,2718,unique_grid,GBIF strict 2.5-min unique
Pistia_stratiotes,121.205222,25.006544,GBIF,2024/12/17,5007509475,50c9509d-22c7-4a22-a47d-8c48425ef4a7,iNaturalist research-grade observations,TW,Taipei,,HUMAN_OBSERVATION,iNaturalist,Observations,255360659,cjy7,cjy7,https://www.inaturalist.org/observations/255360659,7228,2760,unique_grid,GBIF strict 2.5-min unique
Pistia_stratiotes,120.915397,24.579972,GBIF,2024/12/8,6129938679,50c9509d-22c7-4a22-a47d-8c48425ef4a7,iNaturalist research-grade observations,TW,Taiwan,,HUMAN_OBSERVATION,iNaturalist,Observations,254510800,liushengyu,Joseph Knight,https://www.inaturalist.org/observations/254510800,7221,2749,unique_grid,GBIF strict 2.5-min unique
Pistia_stratiotes,114.16185,22.277278,GBIF,2024/5/2,4854881160,50c9509d-22c7-4a22-a47d-8c48425ef4a7,iNaturalist research-grade observations,HK,Central and Western,,HUMAN_OBSERVATION,iNaturalist,Observations,213717734,alishawong,alishawong,https://www.inaturalist.org/observations/213717734,7059,2694,unique_grid,GBIF strict 2.5-min unique
Pistia_stratiotes,113.992745,22.265967,GBIF,2024/5/3,4854924503,50c9509d-22c7-4a22-a47d-8c48425ef4a7,iNaturalist research-grade observations,HK,Islands,,HUMAN_OBSERVATION,iNaturalist,Observations,213045901,aaronllw1005,aaronllw1005,https://www.inaturalist.org/observations/213045901,7055,2694,unique_grid,GBIF strict 2.5-min unique
Pistia_stratiotes,114.021764,22.595671,GBIF,2024/5/15,4946385958,50c9509d-22c7-4a22-a47d-8c48425ef4a7,iNaturalist research-grade observations,HK,North,,HUMAN_OBSERVATION,iNaturalist,Observations,215914246,鍾兆鋒,M. Whitson,https://www.inaturalist.org/observations/215914246,7056,2702,unique_grid,GBIF strict 2.5-min unique
Pistia_stratiotes,114.149937,22.498832,GBIF,2024/6/8,4891806714,50c9509d-22c7-4a22-a47d-8c48425ef4a7,iNaturalist research-grade observations,HK,North,,HUMAN_OBSERVATION,iNaturalist,Observations,221468006,Lynette,Lynette,https://www.inaturalist.org/observations/221468006,7059,2699,unique_grid,GBIF strict 2.5-min unique
Pistia_stratiotes,114.014884,22.455513,GBIF,2024/8/3,4921816187,50c9509d-22c7-4a22-a47d-8c48425ef4a7,iNaturalist research-grade observations,HK,Yuen Long,,HUMAN_OBSERVATION,iNaturalist,Observations,233701887,vivi1874,vivi1874,https://www.inaturalist.org/observations/233701887,7056,2698,unique_grid,GBIF strict 2.5-min unique
Pistia_stratiotes,114.169159,22.511193,GBIF,2024/8/31,4936923246,50c9509d-22c7-4a22-a47d-8c48425ef4a7,iNaturalist research-grade observations,HK,North,,HUMAN_OBSERVATION,iNaturalist,Observations,238945241,鍾兆鋒,galanhsnu,https://www.inaturalist.org/observations/238945241,7060,2700,unique_grid,GBIF strict 2.5-min unique
Pistia_stratiotes,114.055667,22.517467,GBIF,2024/10/3,4953022343,50c9509d-22c7-4a22-a47d-8c48425ef4a7,iNaturalist research-grade observations,HK,North,,HUMAN_OBSERVATION,iNaturalist,Observations,245375433,鍾兆鋒,galanhsnu,https://www.inaturalist.org/observations/245375433,7057,2700,unique_grid,GBIF strict 2.5-min unique
Pistia_stratiotes,113.404723,22.11903,GBIF,2024/1/20,4516513573,50c9509d-22c7-4a22-a47d-8c48425ef4a7,iNaturalist research-grade observations,MO,Ilhas,,HUMAN_OBSERVATION,iNaturalist,Observations,197223235,johnchau,johnchau,https://www.inaturalist.org/observations/197223235,7041,2690,unique_grid,GBIF strict 2.5-min unique
Pistia_stratiotes,115.806294,25.587083,GBIF,2023/1/14,4018295107,50c9509d-22c7-4a22-a47d-8c48425ef4a7,iNaturalist research-grade observations,CN,Jiangxi,,HUMAN_OBSERVATION,iNaturalist,Observations,146505140,Stargazer,Stargazer,https://www.inaturalist.org/observations/146505140,7099,2774,unique_grid,GBIF strict 2.5-min unique
Pistia_stratiotes,116.963577,25.495817,GBIF,2023/1/23,4022282707,50c9509d-22c7-4a22-a47d-8c48425ef4a7,iNaturalist research-grade observations,CN,Fujian,,HUMAN_OBSERVATION,iNaturalist,Observations,147181109,Ama?l Borzée,Ama?l Borzée,https://www.inaturalist.org/observations/147181109,7127,2771,unique_grid,GBIF strict 2.5-min unique
Pistia_stratiotes,118.073063,24.602722,GBIF,2023/3/18,4067472329,50c9509d-22c7-4a22-a47d-8c48425ef4a7,iNaturalist research-grade observations,CN,Fujian,,HUMAN_OBSERVATION,iNaturalist,Observations,151574702,cochran,cochran,https://www.inaturalist.org/observations/151574702,7153,2750,unique_grid,GBIF strict 2.5-min unique
Pistia_stratiotes,115.778522,25.611391,GBIF,2023/4/26,4103180672,50c9509d-22c7-4a22-a47d-8c48425ef4a7,iNaturalist research-grade observations,CN,Jiangxi,,HUMAN_OBSERVATION,iNaturalist,Observations,156707393,Stargazer,Stargazer,https://www.inaturalist.org/observations/156707393,7098,2774,unique_grid,GBIF strict 2.5-min unique
Pistia_stratiotes,118.859459,32.054211,GBIF,2023/5/24,4127433534,50c9509d-22c7-4a22-a47d-8c48425ef4a7,iNaturalist research-grade observations,CN,Jiangsu,,HUMAN_OBSERVATION,iNaturalist,Observations,163911735,Chuangzao,Chuangzao,https://www.inaturalist.org/observations/163911735,7172,2929,unique_grid,GBIF strict 2.5-min unique
Pistia_stratiotes,122.302754,27.874628,GBIF,2023/5/20,5292657407,50c9509d-22c7-4a22-a47d-8c48425ef4a7,iNaturalist research-grade observations,CN,,,HUMAN_OBSERVATION,iNaturalist,Observations,162626246,eisachang,M. Whitson,https://www.inaturalist.org/observations/162626246,7255,2828,unique_grid,GBIF strict 2.5-min unique
Pistia_stratiotes,114.95013,25.831705,GBIF,2023/6/30,4145733680,50c9509d-22c7-4a22-a47d-8c48425ef4a7,iNaturalist research-grade observations,CN,Jiangxi,,HUMAN_OBSERVATION,iNaturalist,Observations,170254802,Stargazer,Stargazer,https://www.inaturalist.org/observations/170254802,7078,2779,unique_grid,GBIF strict 2.5-min unique
Pistia_stratiotes,112.999347,28.214486,GBIF,2023/8/11,4177391124,50c9509d-22c7-4a22-a47d-8c48425ef4a7,iNaturalist research-grade observations,CN,Hunan,,HUMAN_OBSERVATION,iNaturalist,Observations,177980021,D.A. Ostiarius,D.A. Ostiarius,https://www.inaturalist.org/observations/177980021,7031,2837,unique_grid,GBIF strict 2.5-min unique
Pistia_stratiotes,120.427227,36.095394,GBIF,2023/8/7,4177412250,50c9509d-22c7-4a22-a47d-8c48425ef4a7,iNaturalist research-grade observations,CN,Shandong,,HUMAN_OBSERVATION,iNaturalist,Observations,178329739,Chuangzao,Chuangzao,https://www.inaturalist.org/observations/178329739,7210,3026,unique_grid,GBIF strict 2.5-min unique
Pistia_stratiotes,116.171108,23.561569,GBIF,2023/8/24,4405441327,50c9509d-22c7-4a22-a47d-8c48425ef4a7,iNaturalist research-grade observations,CN,Guangdong,,HUMAN_OBSERVATION,iNaturalist,Observations,179953798,鸿志,鸿志,https://www.inaturalist.org/observations/179953798,7108,2725,unique_grid,GBIF strict 2.5-min unique
Pistia_stratiotes,110.49663,24.77843,GBIF,2023/8/12,5087509961,50c9509d-22c7-4a22-a47d-8c48425ef4a7,iNaturalist research-grade observations,CN,Guangxi,,HUMAN_OBSERVATION,iNaturalist,Observations,264238606,李栋国,李栋国,https://www.inaturalist.org/observations/264238606,6971,2754,unique_grid,GBIF strict 2.5-min unique
Pistia_stratiotes,106.970045,30.872978,GBIF,2023/11/1,4440943339,50c9509d-22c7-4a22-a47d-8c48425ef4a7,iNaturalist research-grade observations,CN,Sichuan,,HUMAN_OBSERVATION,iNaturalist,Observations,189651586,shanyecunfu,shanyecunfu,https://www.inaturalist.org/observations/189651586,6887,2900,unique_grid,GBIF strict 2.5-min unique
Pistia_stratiotes,100.948625,21.860733,GBIF,2023/11/25,4500568741,50c9509d-22c7-4a22-a47d-8c48425ef4a7,iNaturalist research-grade observations,CN,Yunnan,,HUMAN_OBSERVATION,iNaturalist,Observations,192707137,kyosapir,kyosapir,https://www.inaturalist.org/observations/192707137,6742,2684,unique_grid,GBIF strict 2.5-min unique
Pistia_stratiotes,120.531528,23.665729,GBIF,2023/1/12,4018310943,50c9509d-22c7-4a22-a47d-8c48425ef4a7,iNaturalist research-grade observations,TW,Taiwan,,HUMAN_OBSERVATION,iNaturalist,Observations,146385968,歐陽秀華,galanhsnu,https://www.inaturalist.org/observations/146385968,7212,2727,unique_grid,GBIF strict 2.5-min unique
Pistia_stratiotes,121.266153,24.862228,GBIF,2023/1/17,4018324465,50c9509d-22c7-4a22-a47d-8c48425ef4a7,iNaturalist research-grade observations,TW,Taipei,,HUMAN_OBSERVATION,iNaturalist,Observations,146754326,Shin-Ming Ku,Shin-Ming Ku,https://www.inaturalist.org/observations/146754326,7230,2756,unique_grid,GBIF strict 2.5-min unique
Pistia_stratiotes,120.870947,23.779371,GBIF,2023/1/17,4018647442,50c9509d-22c7-4a22-a47d-8c48425ef4a7,iNaturalist research-grade observations,TW,Taiwan,,HUMAN_OBSERVATION,iNaturalist,Observations,146729706,歐陽秀華,galanhsnu,https://www.inaturalist.org/observations/146729706,7220,2730,unique_grid,GBIF strict 2.5-min unique
Pistia_stratiotes,120.463325,23.702532,GBIF,2023/1/1,4028835234,50c9509d-22c7-4a22-a47d-8c48425ef4a7,iNaturalist research-grade observations,TW,Taiwan,,HUMAN_OBSERVATION,iNaturalist,Observations,145536910,歐陽秀華,歐陽秀華,https://www.inaturalist.org/observations/145536910,7211,2728,unique_grid,GBIF strict 2.5-min unique
Pistia_stratiotes,120.286342,22.778249,GBIF,2023/2/14,4039365866,50c9509d-22c7-4a22-a47d-8c48425ef4a7,iNaturalist research-grade observations,TW,Kaohsiung,,HUMAN_OBSERVATION,iNaturalist,Observations,148819338,Shang-Kwei Wang,Shang-Kwei Wang,https://www.inaturalist.org/observations/148819338,7206,2706,unique_grid,GBIF strict 2.5-min unique
Pistia_stratiotes,120.731464,24.168707,GBIF,2023/2/24,4046293937,50c9509d-22c7-4a22-a47d-8c48425ef4a7,iNaturalist research-grade observations,TW,Taichung,,HUMAN_OBSERVATION,iNaturalist,Observations,149570462,陳界良,陳界良,https://www.inaturalist.org/observations/149570462,7217,2740,unique_grid,GBIF strict 2.5-min unique
Pistia_stratiotes,121.833057,24.865627,GBIF,2023/3/21,4067445594,50c9509d-22c7-4a22-a47d-8c48425ef4a7,iNaturalist research-grade observations,TW,Taiwan,,HUMAN_OBSERVATION,iNaturalist,Observations,151810334,歐陽秀華,galanhsnu,https://www.inaturalist.org/observations/151810334,7243,2756,unique_grid,GBIF strict 2.5-min unique
Pistia_stratiotes,120.460851,23.810797,GBIF,2023/3/24,4075669226,50c9509d-22c7-4a22-a47d-8c48425ef4a7,iNaturalist research-grade observations,TW,Taiwan,,HUMAN_OBSERVATION,iNaturalist,Observations,152095427,歐陽秀華,galanhsnu,https://www.inaturalist.org/observations/152095427,7211,2731,unique_grid,GBIF strict 2.5-min unique
Pistia_stratiotes,121.323548,23.377052,GBIF,2023/4/3,4076061656,50c9509d-22c7-4a22-a47d-8c48425ef4a7,iNaturalist research-grade observations,TW,Taiwan,,HUMAN_OBSERVATION,iNaturalist,Observations,153278029,眼子菜,galanhsnu,https://www.inaturalist.org/observations/153278029,7231,2721,unique_grid,GBIF strict 2.5-min unique
Pistia_stratiotes,120.610303,23.615594,GBIF,2023/4/5,4080463644,50c9509d-22c7-4a22-a47d-8c48425ef4a7,iNaturalist research-grade observations,TW,Taiwan,,HUMAN_OBSERVATION,iNaturalist,Observations,153523576,歐陽秀華,葉子,https://www.inaturalist.org/observations/153523576,7214,2726,unique_grid,GBIF strict 2.5-min unique
Pistia_stratiotes,121.532641,25.132408,GBIF,2023/4/7,4080677951,50c9509d-22c7-4a22-a47d-8c48425ef4a7,iNaturalist research-grade observations,TW,Taipei,,HUMAN_OBSERVATION,iNaturalist,Observations,153770338,kevinlin2022,kevinlin2022,https://www.inaturalist.org/observations/153770338,7236,2763,unique_grid,GBIF strict 2.5-min unique
Pistia_stratiotes,120.785223,24.393852,GBIF,2023/4/10,4091374716,50c9509d-22c7-4a22-a47d-8c48425ef4a7,iNaturalist research-grade observations,TW,Taichung,,HUMAN_OBSERVATION,iNaturalist,Observations,154534562,Wen-Hsiang Cheng,Wen-Hsiang Cheng,https://www.inaturalist.org/observations/154534562,7218,2745,unique_grid,GBIF strict 2.5-min unique
Pistia_stratiotes,120.633411,24.304573,GBIF,2023/4/10,4091628680,50c9509d-22c7-4a22-a47d-8c48425ef4a7,iNaturalist research-grade observations,TW,Taichung,,HUMAN_OBSERVATION,iNaturalist,Observations,154534561,Wen-Hsiang Cheng,Wen-Hsiang Cheng,https://www.inaturalist.org/observations/154534561,7215,2743,unique_grid,GBIF strict 2.5-min unique
Pistia_stratiotes,121.45333,25.028145,GBIF,2023/4/15,4091645179,50c9509d-22c7-4a22-a47d-8c48425ef4a7,iNaturalist research-grade observations,TW,New Taipei,,HUMAN_OBSERVATION,iNaturalist,Observations,154938813,Eva,taiwan_reevesia,https://www.inaturalist.org/observations/154938813,7234,2760,unique_grid,GBIF strict 2.5-min unique
Pistia_stratiotes,120.927672,23.941657,GBIF,2023/4/12,4091736697,50c9509d-22c7-4a22-a47d-8c48425ef4a7,iNaturalist research-grade observations,TW,Taiwan,,HUMAN_OBSERVATION,iNaturalist,Observations,154536298,歐陽秀華,John Haddon,https://www.inaturalist.org/observations/154536298,7222,2734,unique_grid,GBIF strict 2.5-min unique
Pistia_stratiotes,121.026383,24.811962,GBIF,2023/4/29,4102873498,50c9509d-22c7-4a22-a47d-8c48425ef4a7,iNaturalist research-grade observations,TW,Taiwan,,HUMAN_OBSERVATION,iNaturalist,Observations,157703699,卷尾.杰森,卷尾.杰森,https://www.inaturalist.org/observations/157703699,7224,2755,unique_grid,GBIF strict 2.5-min unique
Pistia_stratiotes,121.749008,24.762412,GBIF,2023/4/29,4102912301,50c9509d-22c7-4a22-a47d-8c48425ef4a7,iNaturalist research-grade observations,TW,Taiwan,,HUMAN_OBSERVATION,iNaturalist,Observations,157396546,jessie-diver,galanhsnu,https://www.inaturalist.org/observations/157396546,7241,2754,unique_grid,GBIF strict 2.5-min unique
Pistia_stratiotes,121.351719,23.413548,GBIF,2023/4/20,4137657148,50c9509d-22c7-4a22-a47d-8c48425ef4a7,iNaturalist research-grade observations,TW,Taiwan,,HUMAN_OBSERVATION,iNaturalist,Observations,166759700,chloe30918,abujudy,https://www.inaturalist.org/observations/166759700,7232,2721,unique_grid,GBIF strict 2.5-min unique
Pistia_stratiotes,121.706834,25.051494,GBIF,2023/5/1,4116037713,50c9509d-22c7-4a22-a47d-8c48425ef4a7,iNaturalist research-grade observations,TW,New Taipei,,HUMAN_OBSERVATION,iNaturalist,Observations,158670022,amygoog,高山田鼠,https://www.inaturalist.org/observations/158670022,7240,2761,unique_grid,GBIF strict 2.5-min unique
Pistia_stratiotes,120.540862,22.586605,GBIF,2023/5/3,4116365456,50c9509d-22c7-4a22-a47d-8c48425ef4a7,iNaturalist research-grade observations,TW,Taiwan,,HUMAN_OBSERVATION,iNaturalist,Observations,159385846,sushihcheng,JODY HSIEH,https://www.inaturalist.org/observations/159385846,7212,2702,unique_grid,GBIF strict 2.5-min unique
Pistia_stratiotes,121.740974,25.12233,GBIF,2023/5/20,4121039319,50c9509d-22c7-4a22-a47d-8c48425ef4a7,iNaturalist research-grade observations,TW,Taiwan,,HUMAN_OBSERVATION,iNaturalist,Observations,162613499,catiriscat,catiriscat,https://www.inaturalist.org/observations/162613499,7241,2762,unique_grid,GBIF strict 2.5-min unique
Pistia_stratiotes,120.542164,23.701346,GBIF,2023/5/27,4127341067,50c9509d-22c7-4a22-a47d-8c48425ef4a7,iNaturalist research-grade observations,TW,Taiwan,,HUMAN_OBSERVATION,iNaturalist,Observations,163953673,edyannie,edyannie,https://www.inaturalist.org/observations/163953673,7213,2728,unique_grid,GBIF strict 2.5-min unique
Pistia_stratiotes,120.626059,24.153789,GBIF,2023/5/26,4137705656,50c9509d-22c7-4a22-a47d-8c48425ef4a7,iNaturalist research-grade observations,TW,Taichung,,HUMAN_OBSERVATION,iNaturalist,Observations,167406081,陳界良,陳界良,https://www.inaturalist.org/observations/167406081,7215,2739,unique_grid,GBIF strict 2.5-min unique
Pistia_stratiotes,121.531181,25.070749,GBIF,2023/6/19,4138329665,50c9509d-22c7-4a22-a47d-8c48425ef4a7,iNaturalist research-grade observations,TW,Taipei,,HUMAN_OBSERVATION,iNaturalist,Observations,168245282,kemsonchang,kemsonchang,https://www.inaturalist.org/observations/168245282,7236,2761,unique_grid,GBIF strict 2.5-min unique
Pistia_stratiotes,120.295242,22.844846,GBIF,2023/6/3,4407397773,50c9509d-22c7-4a22-a47d-8c48425ef4a7,iNaturalist research-grade observations,TW,Kaohsiung,,HUMAN_OBSERVATION,iNaturalist,Observations,181505535,葉子,葉子,https://www.inaturalist.org/observations/181505535,7207,2708,unique_grid,GBIF strict 2.5-min unique
Pistia_stratiotes,120.622702,24.128982,GBIF,2023/7/18,4165491995,50c9509d-22c7-4a22-a47d-8c48425ef4a7,iNaturalist research-grade observations,TW,Taichung,,HUMAN_OBSERVATION,iNaturalist,Observations,173775308,陳界良,陳界良,https://www.inaturalist.org/observations/173775308,7214,2739,unique_grid,GBIF strict 2.5-min unique
Pistia_stratiotes,121.805013,24.688763,GBIF,2023/8/14,4413384828,50c9509d-22c7-4a22-a47d-8c48425ef4a7,iNaturalist research-grade observations,TW,Taiwan,,HUMAN_OBSERVATION,iNaturalist,Observations,182491938,宜蘭縣生態服務給付(上傳),Muhammad HEEMBOO,https://www.inaturalist.org/observations/182491938,7243,2752,unique_grid,GBIF strict 2.5-min unique
Pistia_stratiotes,121.561276,23.727035,GBIF,2023/8/21,4507882385,50c9509d-22c7-4a22-a47d-8c48425ef4a7,iNaturalist research-grade observations,TW,Taiwan,,HUMAN_OBSERVATION,iNaturalist,Observations,194409892,inatpeshualien001,Muhammad HEEMBOO,https://www.inaturalist.org/observations/194409892,7237,2729,unique_grid,GBIF strict 2.5-min unique
Pistia_stratiotes,120.293,22.66112,GBIF,2023/8/26,5088192002,50c9509d-22c7-4a22-a47d-8c48425ef4a7,iNaturalist research-grade observations,TW,Kaohsiung,,HUMAN_OBSERVATION,iNaturalist,Observations,265793914,蔡昇洪,蔡昇洪,https://www.inaturalist.org/observations/265793914,7207,2703,unique_grid,GBIF strict 2.5-min unique
Pistia_stratiotes,120.86364,24.41731,GBIF,2023/9/30,4421097504,50c9509d-22c7-4a22-a47d-8c48425ef4a7,iNaturalist research-grade observations,TW,Taiwan,,HUMAN_OBSERVATION,iNaturalist,Observations,185542460,ak1120329,ak1120329,https://www.inaturalist.org/observations/185542460,7220,2746,unique_grid,GBIF strict 2.5-min unique
Pistia_stratiotes,121.754535,24.765865,GBIF,2023/10/3,4606891995,50c9509d-22c7-4a22-a47d-8c48425ef4a7,iNaturalist research-grade observations,TW,Taiwan,,HUMAN_OBSERVATION,iNaturalist,Observations,204702996,葉子,葉子,https://www.inaturalist.org/observations/204702996,7242,2754,unique_grid,GBIF strict 2.5-min unique
Pistia_stratiotes,121.532287,24.974906,GBIF,2023/11/4,4440655294,50c9509d-22c7-4a22-a47d-8c48425ef4a7,iNaturalist research-grade observations,TW,New Taipei,,HUMAN_OBSERVATION,iNaturalist,Observations,190483433,彭啟賢,彭啟賢,https://www.inaturalist.org/observations/190483433,7236,2759,unique_grid,GBIF strict 2.5-min unique
Pistia_stratiotes,120.850625,23.72265,GBIF,2023/11/26,4454057429,50c9509d-22c7-4a22-a47d-8c48425ef4a7,iNaturalist research-grade observations,TW,Taiwan,,HUMAN_OBSERVATION,iNaturalist,Observations,192143983,楊承達,galanhsnu,https://www.inaturalist.org/observations/192143983,7220,2729,unique_grid,GBIF strict 2.5-min unique
Pistia_stratiotes,121.470977,25.036887,GBIF,2023/11/25,4510146095,50c9509d-22c7-4a22-a47d-8c48425ef4a7,iNaturalist research-grade observations,TW,New Taipei,,HUMAN_OBSERVATION,iNaturalist,Observations,196049239,Michelle Goerdel,Michelle Goerdel,https://www.inaturalist.org/observations/196049239,7235,2760,unique_grid,GBIF strict 2.5-min unique
Pistia_stratiotes,121.740206,24.794759,GBIF,2023/12/30,4507683604,50c9509d-22c7-4a22-a47d-8c48425ef4a7,iNaturalist research-grade observations,TW,Taiwan,,HUMAN_OBSERVATION,iNaturalist,Observations,195314077,金翼白眉,inatural156,https://www.inaturalist.org/observations/195314077,7241,2755,unique_grid,GBIF strict 2.5-min unique
Pistia_stratiotes,113.941751,22.266466,GBIF,2023/4/28,4102820745,50c9509d-22c7-4a22-a47d-8c48425ef4a7,iNaturalist research-grade observations,HK,Islands,,HUMAN_OBSERVATION,iNaturalist,Observations,157950602,Charmian Woodhouse,H.T.Cheng,https://www.inaturalist.org/observations/157950602,7054,2694,unique_grid,GBIF strict 2.5-min unique
Pistia_stratiotes,114.243002,22.507444,GBIF,2023/4/28,4111912424,50c9509d-22c7-4a22-a47d-8c48425ef4a7,iNaturalist research-grade observations,HK,North,,HUMAN_OBSERVATION,iNaturalist,Observations,159915877,Jan Ho,Jan Ho,https://www.inaturalist.org/observations/159915877,7061,2700,unique_grid,GBIF strict 2.5-min unique
Pistia_stratiotes,114.277301,22.395336,GBIF,2023/8/13,4177196772,50c9509d-22c7-4a22-a47d-8c48425ef4a7,iNaturalist research-grade observations,HK,Sai Kung,,HUMAN_OBSERVATION,iNaturalist,Observations,178180347,auntie_uncle,auntie_uncle,https://www.inaturalist.org/observations/178180347,7062,2697,unique_grid,GBIF strict 2.5-min unique
Pistia_stratiotes,113.323606,23.072779,GBIF,2022/3/19,5932204535,50c9509d-22c7-4a22-a47d-8c48425ef4a7,iNaturalist research-grade observations,CN,Guangdong,,HUMAN_OBSERVATION,iNaturalist,Observations,330459054,kotatsuleo,kotatsuleo,https://www.inaturalist.org/observations/330459054,7039,2713,unique_grid,GBIF strict 2.5-min unique
Pistia_stratiotes,118.08339,24.463241,GBIF,2022/4/29,3772732705,50c9509d-22c7-4a22-a47d-8c48425ef4a7,iNaturalist research-grade observations,CN,Fujian,,HUMAN_OBSERVATION,iNaturalist,Observations,113341852,black_calvin,wsyxbcl,https://www.inaturalist.org/observations/113341852,7154,2747,unique_grid,GBIF strict 2.5-min unique
Pistia_stratiotes,122.20778,29.985367,GBIF,2022/7/20,4522826452,50c9509d-22c7-4a22-a47d-8c48425ef4a7,iNaturalist research-grade observations,CN,Zhejiang,,HUMAN_OBSERVATION,iNaturalist,Observations,199091128,李博恒,李博恒,https://www.inaturalist.org/observations/199091128,7252,2879,unique_grid,GBIF strict 2.5-min unique
Pistia_stratiotes,121.3869,31.2832,GBIF,2022/9/10,6251558454,50c9509d-22c7-4a22-a47d-8c48425ef4a7,iNaturalist research-grade observations,CN,Shanghai,,HUMAN_OBSERVATION,iNaturalist,Observations,357853306,Yuxuan Liu,Yuxuan Liu,https://www.inaturalist.org/observations/357853306,7233,2910,unique_grid,GBIF strict 2.5-min unique
Pistia_stratiotes,121.054078,24.832328,GBIF,2022/1/27,3466467931,50c9509d-22c7-4a22-a47d-8c48425ef4a7,iNaturalist research-grade observations,TW,Taiwan,,HUMAN_OBSERVATION,iNaturalist,Observations,105756604,Wan-hsuan Kao,Wan-hsuan Kao,https://www.inaturalist.org/observations/105756604,7225,2755,unique_grid,GBIF strict 2.5-min unique
Pistia_stratiotes,121.222832,23.119077,GBIF,2022/1/6,4039167397,50c9509d-22c7-4a22-a47d-8c48425ef4a7,iNaturalist research-grade observations,TW,Taiwan,,HUMAN_OBSERVATION,iNaturalist,Observations,106103229,葉子,葉子,https://www.inaturalist.org/observations/106103229,7229,2714,unique_grid,GBIF strict 2.5-min unique
Pistia_stratiotes,121.126668,24.809287,GBIF,2022/2/11,3499665612,50c9509d-22c7-4a22-a47d-8c48425ef4a7,iNaturalist research-grade observations,TW,Taiwan,,HUMAN_OBSERVATION,iNaturalist,Observations,106550264,Wan-hsuan Kao,Wan-hsuan Kao,https://www.inaturalist.org/observations/106550264,7227,2755,unique_grid,GBIF strict 2.5-min unique
Pistia_stratiotes,120.36445,23.73022,GBIF,2022/3/13,3743094767,50c9509d-22c7-4a22-a47d-8c48425ef4a7,iNaturalist research-grade observations,TW,Taiwan,,HUMAN_OBSERVATION,iNaturalist,Observations,108574476,Hong,Hong,https://www.inaturalist.org/observations/108574476,7208,2729,unique_grid,GBIF strict 2.5-min unique
Pistia_stratiotes,120.291447,22.846244,GBIF,2022/3/18,3747254578,50c9509d-22c7-4a22-a47d-8c48425ef4a7,iNaturalist research-grade observations,TW,Kaohsiung,,HUMAN_OBSERVATION,iNaturalist,Observations,108855840,Chen Shu,Chen Shu,https://www.inaturalist.org/observations/108855840,7206,2708,unique_grid,GBIF strict 2.5-min unique
Pistia_stratiotes,121.596836,24.643692,GBIF,2022/3/31,3759961547,50c9509d-22c7-4a22-a47d-8c48425ef4a7,iNaturalist research-grade observations,TW,Taiwan,,HUMAN_OBSERVATION,iNaturalist,Observations,110082331,棕熊,weekend,https://www.inaturalist.org/observations/110082331,7238,2751,unique_grid,GBIF strict 2.5-min unique
Pistia_stratiotes,120.296638,22.785412,GBIF,2022/4/26,3764245012,50c9509d-22c7-4a22-a47d-8c48425ef4a7,iNaturalist research-grade observations,TW,Kaohsiung,,HUMAN_OBSERVATION,iNaturalist,Observations,112938271,Shin-Ming Ku,Shin-Ming Ku,https://www.inaturalist.org/observations/112938271,7207,2706,unique_grid,GBIF strict 2.5-min unique
Pistia_stratiotes,121.660247,25.085753,GBIF,2022/5/19,3784781192,50c9509d-22c7-4a22-a47d-8c48425ef4a7,iNaturalist research-grade observations,TW,New Taipei,,HUMAN_OBSERVATION,iNaturalist,Observations,117717776,amygoog,amygoog,https://www.inaturalist.org/observations/117717776,7239,2762,unique_grid,GBIF strict 2.5-min unique
Pistia_stratiotes,121.660136,24.982967,GBIF,2022/5/8,3785055466,50c9509d-22c7-4a22-a47d-8c48425ef4a7,iNaturalist research-grade observations,TW,New Taipei,,HUMAN_OBSERVATION,iNaturalist,Observations,116046760,Hm Kwok,M. Whitson,https://www.inaturalist.org/observations/116046760,7239,2759,unique_grid,GBIF strict 2.5-min unique
Pistia_stratiotes,121.781914,25.143575,GBIF,2022/6/15,3859004544,50c9509d-22c7-4a22-a47d-8c48425ef4a7,iNaturalist research-grade observations,TW,Taiwan,,HUMAN_OBSERVATION,iNaturalist,Observations,123913410,周志和,周志和,https://www.inaturalist.org/observations/123913410,7242,2763,unique_grid,GBIF strict 2.5-min unique
Pistia_stratiotes,120.552603,24.321145,GBIF,2022/6/21,3860059947,50c9509d-22c7-4a22-a47d-8c48425ef4a7,iNaturalist research-grade observations,TW,Taichung,,HUMAN_OBSERVATION,iNaturalist,Observations,123145318,Hong,Hong,https://www.inaturalist.org/observations/123145318,7213,2743,unique_grid,GBIF strict 2.5-min unique
Pistia_stratiotes,121.178853,24.768539,GBIF,2022/6/11,3860075713,50c9509d-22c7-4a22-a47d-8c48425ef4a7,iNaturalist research-grade observations,TW,Taiwan,,HUMAN_OBSERVATION,iNaturalist,Observations,121688446,周業偉,周業偉,https://www.inaturalist.org/observations/121688446,7228,2754,unique_grid,GBIF strict 2.5-min unique
Pistia_stratiotes,121.852556,25.039994,GBIF,2022/6/7,3860334533,50c9509d-22c7-4a22-a47d-8c48425ef4a7,iNaturalist research-grade observations,TW,New Taipei,,HUMAN_OBSERVATION,iNaturalist,Observations,121557674,周志和,周志和,https://www.inaturalist.org/observations/121557674,7244,2760,unique_grid,GBIF strict 2.5-min unique
Pistia_stratiotes,121.477443,23.898236,GBIF,2022/8/14,3892340138,50c9509d-22c7-4a22-a47d-8c48425ef4a7,iNaturalist research-grade observations,TW,Taiwan,,HUMAN_OBSERVATION,iNaturalist,Observations,130906650,chiuluan,chiuluan,https://www.inaturalist.org/observations/130906650,7235,2733,unique_grid,GBIF strict 2.5-min unique
Pistia_stratiotes,121.747772,24.680047,GBIF,2022/8/15,3892694115,50c9509d-22c7-4a22-a47d-8c48425ef4a7,iNaturalist research-grade observations,TW,Taiwan,,HUMAN_OBSERVATION,iNaturalist,Observations,130914021,山野人,山野人,https://www.inaturalist.org/observations/130914021,7241,2752,unique_grid,GBIF strict 2.5-min unique
Pistia_stratiotes,121.525855,23.896253,GBIF,2022/8/18,3903034818,50c9509d-22c7-4a22-a47d-8c48425ef4a7,iNaturalist research-grade observations,TW,Taiwan,,HUMAN_OBSERVATION,iNaturalist,Observations,131298862,yungpeng,yungpeng,https://www.inaturalist.org/observations/131298862,7236,2733,unique_grid,GBIF strict 2.5-min unique
Pistia_stratiotes,121.216847,23.404007,GBIF,2022/8/15,4011856617,50c9509d-22c7-4a22-a47d-8c48425ef4a7,iNaturalist research-grade observations,TW,Taiwan,,HUMAN_OBSERVATION,iNaturalist,Observations,144204157,inatpeshualien001,inatpeshualien001,https://www.inaturalist.org/observations/144204157,7229,2721,unique_grid,GBIF strict 2.5-min unique
Pistia_stratiotes,120.829651,24.641002,GBIF,2022/9/1,3902735427,50c9509d-22c7-4a22-a47d-8c48425ef4a7,iNaturalist research-grade observations,TW,Taiwan,,HUMAN_OBSERVATION,iNaturalist,Observations,133177824,womlisa,yuan1717,https://www.inaturalist.org/observations/133177824,7219,2751,unique_grid,GBIF strict 2.5-min unique
Pistia_stratiotes,120.673017,23.775666,GBIF,2022/9/15,3912052060,50c9509d-22c7-4a22-a47d-8c48425ef4a7,iNaturalist research-grade observations,TW,Taiwan,,HUMAN_OBSERVATION,iNaturalist,Observations,135075124,apple0902,apple0902,https://www.inaturalist.org/observations/135075124,7216,2730,unique_grid,GBIF strict 2.5-min unique
Pistia_stratiotes,120.444843,23.598371,GBIF,2022/9/26,4080668486,50c9509d-22c7-4a22-a47d-8c48425ef4a7,iNaturalist research-grade observations,TW,Taiwan,,HUMAN_OBSERVATION,iNaturalist,Observations,136517081,zxc198959,zxc198959,https://www.inaturalist.org/observations/136517081,7210,2726,unique_grid,GBIF strict 2.5-min unique
Pistia_stratiotes,120.223942,22.971995,GBIF,2022/10/1,3923592145,50c9509d-22c7-4a22-a47d-8c48425ef4a7,iNaturalist research-grade observations,TW,Tainan,,HUMAN_OBSERVATION,iNaturalist,Observations,137093980,Jenny Wu Jhenyi,Jenny Wu Jhenyi,https://www.inaturalist.org/observations/137093980,7205,2711,unique_grid,GBIF strict 2.5-min unique
Pistia_stratiotes,120.576098,23.584444,GBIF,2022/10/21,3947159326,50c9509d-22c7-4a22-a47d-8c48425ef4a7,iNaturalist research-grade observations,TW,Taiwan,,HUMAN_OBSERVATION,iNaturalist,Observations,139501769,歐陽秀華,歐陽秀華,https://www.inaturalist.org/observations/139501769,7213,2726,unique_grid,GBIF strict 2.5-min unique
Pistia_stratiotes,121.016997,22.819981,GBIF,2022/10/10,3947550400,50c9509d-22c7-4a22-a47d-8c48425ef4a7,iNaturalist research-grade observations,TW,Taiwan,,HUMAN_OBSERVATION,iNaturalist,Observations,138717461,taiwan_reevesia,taiwan_reevesia,https://www.inaturalist.org/observations/138717461,7224,2707,unique_grid,GBIF strict 2.5-min unique
Pistia_stratiotes,121.627343,24.749521,GBIF,2022/10/19,3947632989,50c9509d-22c7-4a22-a47d-8c48425ef4a7,iNaturalist research-grade observations,TW,Taiwan,,HUMAN_OBSERVATION,iNaturalist,Observations,139306288,Max Hsieh(雁子),Max Hsieh(雁子),https://www.inaturalist.org/observations/139306288,7239,2753,unique_grid,GBIF strict 2.5-min unique
Pistia_stratiotes,120.458081,23.458339,GBIF,2022/11/6,3966351965,50c9509d-22c7-4a22-a47d-8c48425ef4a7,iNaturalist research-grade observations,TW,Taiwan,,HUMAN_OBSERVATION,iNaturalist,Observations,141706791,chiuluan,chiuluan,https://www.inaturalist.org/observations/141706791,7210,2723,unique_grid,GBIF strict 2.5-min unique
Pistia_stratiotes,121.791204,24.700281,GBIF,2022/11/15,4009813717,50c9509d-22c7-4a22-a47d-8c48425ef4a7,iNaturalist research-grade observations,TW,Taiwan,,HUMAN_OBSERVATION,iNaturalist,Observations,144780088,Max Hsieh(雁子),Max Hsieh(雁子),https://www.inaturalist.org/observations/144780088,7242,2752,unique_grid,GBIF strict 2.5-min unique
Pistia_stratiotes,121.497933,23.862733,GBIF,2022/12/10,3994224970,50c9509d-22c7-4a22-a47d-8c48425ef4a7,iNaturalist research-grade observations,TW,Taiwan,,HUMAN_OBSERVATION,iNaturalist,Observations,144056234,Chi Chun,Heather Fulton-Bennett,https://www.inaturalist.org/observations/144056234,7235,2732,unique_grid,GBIF strict 2.5-min unique
Pistia_stratiotes,120.659331,23.528944,GBIF,2022/12/11,4006592737,50c9509d-22c7-4a22-a47d-8c48425ef4a7,iNaturalist research-grade observations,TW,Taiwan,,HUMAN_OBSERVATION,iNaturalist,Observations,144357288,LY W,LY W,https://www.inaturalist.org/observations/144357288,7215,2724,unique_grid,GBIF strict 2.5-min unique
Pistia_stratiotes,121.565427,25.032882,GBIF,2022/12/25,4946021162,50c9509d-22c7-4a22-a47d-8c48425ef4a7,iNaturalist research-grade observations,TW,Taipei,,HUMAN_OBSERVATION,iNaturalist,Observations,156717356,pitturpattur,galanhsnu,https://www.inaturalist.org/observations/156717356,7237,2760,unique_grid,GBIF strict 2.5-min unique
Pistia_stratiotes,114.043688,22.281828,GBIF,2022/1/29,5230180260,50c9509d-22c7-4a22-a47d-8c48425ef4a7,iNaturalist research-grade observations,HK,Islands,,HUMAN_OBSERVATION,iNaturalist,Observations,296715069,Tommy Hui,Tommy Hui,https://www.inaturalist.org/observations/296715069,7057,2694,unique_grid,GBIF strict 2.5-min unique
Pistia_stratiotes,114.080584,22.420287,GBIF,2022/2/9,3468679788,50c9509d-22c7-4a22-a47d-8c48425ef4a7,iNaturalist research-grade observations,HK,Yuen Long,,HUMAN_OBSERVATION,iNaturalist,Observations,106471704,PK Yeung,PK Yeung,https://www.inaturalist.org/observations/106471704,7057,2698,unique_grid,GBIF strict 2.5-min unique
Pistia_stratiotes,114.158079,22.502447,GBIF,2022/9/12,3903658718,50c9509d-22c7-4a22-a47d-8c48425ef4a7,iNaturalist research-grade observations,HK,North,,HUMAN_OBSERVATION,iNaturalist,Observations,134716427,zhang,Stefan Neuwirth,https://www.inaturalist.org/observations/134716427,7059,2700,unique_grid,GBIF strict 2.5-min unique
Pistia_stratiotes,119.186418,26.056747,GBIF,2021/3/23,3068017533,50c9509d-22c7-4a22-a47d-8c48425ef4a7,iNaturalist research-grade observations,CN,Fujian,,HUMAN_OBSERVATION,iNaturalist,Observations,71859657,miaochunyu,miaochunyu,https://www.inaturalist.org/observations/71859657,7180,2785,unique_grid,GBIF strict 2.5-min unique
Pistia_stratiotes,117.992908,24.756799,GBIF,2021/4/26,3314358600,50c9509d-22c7-4a22-a47d-8c48425ef4a7,iNaturalist research-grade observations,CN,Fujian,,HUMAN_OBSERVATION,iNaturalist,Observations,83464291,rhinolin,rhinolin,https://www.inaturalist.org/observations/83464291,7151,2754,unique_grid,GBIF strict 2.5-min unique
Pistia_stratiotes,118.210796,27.607614,GBIF,2021/7/24,3333067924,50c9509d-22c7-4a22-a47d-8c48425ef4a7,iNaturalist research-grade observations,CN,Fujian,,HUMAN_OBSERVATION,iNaturalist,Observations,88479896,Yi CHEN,Yi CHEN,https://www.inaturalist.org/observations/88479896,7157,2822,unique_grid,GBIF strict 2.5-min unique
Pistia_stratiotes,120.347723,36.065008,GBIF,2021/10/18,4597444253,50c9509d-22c7-4a22-a47d-8c48425ef4a7,iNaturalist research-grade observations,CN,Shandong,,HUMAN_OBSERVATION,iNaturalist,Observations,202203317,Charles,Charles,https://www.inaturalist.org/observations/202203317,7208,3025,unique_grid,GBIF strict 2.5-min unique
Pistia_stratiotes,120.68986,23.581746,GBIF,2021/1/2,3018003764,50c9509d-22c7-4a22-a47d-8c48425ef4a7,iNaturalist research-grade observations,TW,Taiwan,,HUMAN_OBSERVATION,iNaturalist,Observations,67449597,kallima,Yu Feng,https://www.inaturalist.org/observations/67449597,7216,2725,unique_grid,GBIF strict 2.5-min unique
Pistia_stratiotes,120.710616,24.134334,GBIF,2021/1/2,4039258389,50c9509d-22c7-4a22-a47d-8c48425ef4a7,iNaturalist research-grade observations,TW,Taichung,,HUMAN_OBSERVATION,iNaturalist,Observations,67851439,葉子,葉子,https://www.inaturalist.org/observations/67851439,7217,2739,unique_grid,GBIF strict 2.5-min unique
Pistia_stratiotes,120.757566,24.27943,GBIF,2021/2/5,3355037457,50c9509d-22c7-4a22-a47d-8c48425ef4a7,iNaturalist research-grade observations,TW,Taichung,,HUMAN_OBSERVATION,iNaturalist,Observations,69091357,chiuluan,chiuluan,https://www.inaturalist.org/observations/69091357,7218,2742,unique_grid,GBIF strict 2.5-min unique
Pistia_stratiotes,120.627669,23.963287,GBIF,2021/3/21,3068131625,50c9509d-22c7-4a22-a47d-8c48425ef4a7,iNaturalist research-grade observations,TW,Taiwan,,HUMAN_OBSERVATION,iNaturalist,Observations,71684847,郭佳穎,galanhsnu,https://www.inaturalist.org/observations/71684847,7215,2735,unique_grid,GBIF strict 2.5-min unique
Pistia_stratiotes,120.911782,23.900117,GBIF,2021/3/29,3070673085,50c9509d-22c7-4a22-a47d-8c48425ef4a7,iNaturalist research-grade observations,TW,Taiwan,,HUMAN_OBSERVATION,iNaturalist,Observations,72560598,Hong,Hong,https://www.inaturalist.org/observations/72560598,7221,2733,unique_grid,GBIF strict 2.5-min unique
Pistia_stratiotes,121.559037,23.819907,GBIF,2021/4/22,3355218459,50c9509d-22c7-4a22-a47d-8c48425ef4a7,iNaturalist research-grade observations,TW,Taiwan,,HUMAN_OBSERVATION,iNaturalist,Observations,74829574,chiuluan,chiuluan,https://www.inaturalist.org/observations/74829574,7237,2731,unique_grid,GBIF strict 2.5-min unique
Pistia_stratiotes,120.650863,22.996258,GBIF,2021/5/8,3113295843,50c9509d-22c7-4a22-a47d-8c48425ef4a7,iNaturalist research-grade observations,TW,Kaohsiung,,HUMAN_OBSERVATION,iNaturalist,Observations,77857331,sophie0124,sophie0124,https://www.inaturalist.org/observations/77857331,7215,2711,unique_grid,GBIF strict 2.5-min unique
Pistia_stratiotes,120.668307,23.383327,GBIF,2021/5/2,3124822437,50c9509d-22c7-4a22-a47d-8c48425ef4a7,iNaturalist research-grade observations,TW,Taiwan,,HUMAN_OBSERVATION,iNaturalist,Observations,76360036,sei9611,sei9611,https://www.inaturalist.org/observations/76360036,7216,2721,unique_grid,GBIF strict 2.5-min unique
Pistia_stratiotes,120.141735,23.100611,GBIF,2021/5/6,4039141400,50c9509d-22c7-4a22-a47d-8c48425ef4a7,iNaturalist research-grade observations,TW,Tainan,,HUMAN_OBSERVATION,iNaturalist,Observations,82288780,葉子,葉子,https://www.inaturalist.org/observations/82288780,7203,2714,unique_grid,GBIF strict 2.5-min unique
Pistia_stratiotes,120.563331,22.580839,GBIF,2021/7/8,3325739604,50c9509d-22c7-4a22-a47d-8c48425ef4a7,iNaturalist research-grade observations,TW,Taiwan,,HUMAN_OBSERVATION,iNaturalist,Observations,86185322,洪阿愷,洪阿愷,https://www.inaturalist.org/observations/86185322,7213,2701,unique_grid,GBIF strict 2.5-min unique
Pistia_stratiotes,121.665087,25.068381,GBIF,2021/8/17,3337809018,50c9509d-22c7-4a22-a47d-8c48425ef4a7,iNaturalist research-grade observations,TW,New Taipei,,HUMAN_OBSERVATION,iNaturalist,Observations,91464862,sonxon,sonxon,https://www.inaturalist.org/observations/91464862,7239,2761,unique_grid,GBIF strict 2.5-min unique
Pistia_stratiotes,121.449669,25.089261,GBIF,2021/8/31,3466092744,50c9509d-22c7-4a22-a47d-8c48425ef4a7,iNaturalist research-grade observations,TW,New Taipei,,HUMAN_OBSERVATION,iNaturalist,Observations,94084278,高山田鼠,高山田鼠,https://www.inaturalist.org/observations/94084278,7234,2762,unique_grid,GBIF strict 2.5-min unique
Pistia_stratiotes,121.385617,23.504228,GBIF,2021/8/25,4973999537,50c9509d-22c7-4a22-a47d-8c48425ef4a7,iNaturalist research-grade observations,TW,Taiwan,,HUMAN_OBSERVATION,iNaturalist,Observations,248409823,Wen-Hsiang Cheng,Wen-Hsiang Cheng,https://www.inaturalist.org/observations/248409823,7233,2724,unique_grid,GBIF strict 2.5-min unique
Pistia_stratiotes,120.675041,23.446743,GBIF,2021/10/12,3391290046,50c9509d-22c7-4a22-a47d-8c48425ef4a7,iNaturalist research-grade observations,TW,Taiwan,,HUMAN_OBSERVATION,iNaturalist,Observations,97948465,jackylight,jackylight,https://www.inaturalist.org/observations/97948465,7216,2722,unique_grid,GBIF strict 2.5-min unique
Pistia_stratiotes,120.589314,24.108058,GBIF,2021/10/28,3873718535,50c9509d-22c7-4a22-a47d-8c48425ef4a7,iNaturalist research-grade observations,TW,Taichung,,HUMAN_OBSERVATION,iNaturalist,Observations,99629422,陳界良,陳界良,https://www.inaturalist.org/observations/99629422,7214,2738,unique_grid,GBIF strict 2.5-min unique
Pistia_stratiotes,120.223001,23.533813,GBIF,2021/10/21,4039150437,50c9509d-22c7-4a22-a47d-8c48425ef4a7,iNaturalist research-grade observations,TW,Taiwan,,HUMAN_OBSERVATION,iNaturalist,Observations,103810603,葉子,葉子,https://www.inaturalist.org/observations/103810603,7205,2724,unique_grid,GBIF strict 2.5-min unique
Pistia_stratiotes,120.713545,24.008187,GBIF,2021/12/1,3456803243,50c9509d-22c7-4a22-a47d-8c48425ef4a7,iNaturalist research-grade observations,TW,Taichung,,HUMAN_OBSERVATION,iNaturalist,Observations,102338778,Penlock Chen,Penlock Chen,https://www.inaturalist.org/observations/102338778,7217,2736,unique_grid,GBIF strict 2.5-min unique
Pistia_stratiotes,120.354378,23.481947,GBIF,2021/12/31,3456928605,50c9509d-22c7-4a22-a47d-8c48425ef4a7,iNaturalist research-grade observations,TW,Taiwan,,HUMAN_OBSERVATION,iNaturalist,Observations,104017998,卷尾.杰森,卷尾.杰森,https://www.inaturalist.org/observations/104017998,7208,2723,unique_grid,GBIF strict 2.5-min unique
Pistia_stratiotes,114.221145,22.381458,GBIF,2021/1/6,3017948180,50c9509d-22c7-4a22-a47d-8c48425ef4a7,iNaturalist research-grade observations,HK,Sha Tin,,HUMAN_OBSERVATION,iNaturalist,Observations,67660767,"Alan Kwok (King Lun), Ada Tai (Ah Heung) / 阿達蘭 AdAlan","Alan Kwok (King Lun), Ada Tai (Ah Heung) / 阿達蘭 AdAlan",https://www.inaturalist.org/observations/67660767,7061,2697,unique_grid,GBIF strict 2.5-min unique
Pistia_stratiotes,114.113484,22.507754,GBIF,2021/5/3,3112866476,50c9509d-22c7-4a22-a47d-8c48425ef4a7,iNaturalist research-grade observations,HK,North,,HUMAN_OBSERVATION,iNaturalist,Observations,77371147,PK Yeung,PK Yeung,https://www.inaturalist.org/observations/77371147,7058,2700,unique_grid,GBIF strict 2.5-min unique
Pistia_stratiotes,114.124674,22.374174,GBIF,2021/9/25,3384973144,50c9509d-22c7-4a22-a47d-8c48425ef4a7,iNaturalist research-grade observations,HK,Tsuen Wan,,HUMAN_OBSERVATION,iNaturalist,Observations,96041249,chauyl,Agnes Trekker,https://www.inaturalist.org/observations/96041249,7058,2696,unique_grid,GBIF strict 2.5-min unique
Pistia_stratiotes,114.224127,22.331812,GBIF,2021/12/30,4028691501,50c9509d-22c7-4a22-a47d-8c48425ef4a7,iNaturalist research-grade observations,HK,Kwun Tong,,HUMAN_OBSERVATION,iNaturalist,Observations,103932739,chanchris611,Alexander Iosipenko,https://www.inaturalist.org/observations/103932739,7061,2695,unique_grid,GBIF strict 2.5-min unique
Pistia_stratiotes,100.861761,22.168425,GBIF,2020/8/15,6130028159,50c9509d-22c7-4a22-a47d-8c48425ef4a7,iNaturalist research-grade observations,CN,Yunnan,,HUMAN_OBSERVATION,iNaturalist,Observations,334184863,昆虫学liuye,晚昼,https://www.inaturalist.org/observations/334184863,6740,2692,unique_grid,GBIF strict 2.5-min unique
Pistia_stratiotes,109.505158,18.28423,GBIF,2020/11/22,2988424704,50c9509d-22c7-4a22-a47d-8c48425ef4a7,iNaturalist research-grade observations,CN,Hainan,,HUMAN_OBSERVATION,iNaturalist,Observations,65409093,Amy,Amy,https://www.inaturalist.org/observations/65409093,6948,2598,unique_grid,GBIF strict 2.5-min unique
Pistia_stratiotes,110.22069,20.036322,GBIF,2020/11/8,3902102646,50c9509d-22c7-4a22-a47d-8c48425ef4a7,iNaturalist research-grade observations,CN,Hainan,,HUMAN_OBSERVATION,iNaturalist,Observations,64422454,jakecanning,M. Whitson,https://www.inaturalist.org/observations/64422454,6965,2640,unique_grid,GBIF strict 2.5-min unique
Pistia_stratiotes,116.900787,24.550672,GBIF,2020/11/7,5231619301,50c9509d-22c7-4a22-a47d-8c48425ef4a7,iNaturalist research-grade observations,CN,Fujian,,HUMAN_OBSERVATION,iNaturalist,Observations,296849302,Mikael Borgmann,Mikael Borgmann,https://www.inaturalist.org/observations/296849302,7125,2749,unique_grid,GBIF strict 2.5-min unique
Pistia_stratiotes,120.355981,22.592036,GBIF,2020/3/27,3109209579,50c9509d-22c7-4a22-a47d-8c48425ef4a7,iNaturalist research-grade observations,TW,Kaohsiung,,HUMAN_OBSERVATION,iNaturalist,Observations,75686870,張哲綸,張哲綸,https://www.inaturalist.org/observations/75686870,7208,2702,unique_grid,GBIF strict 2.5-min unique
Pistia_stratiotes,120.499607,23.635112,GBIF,2020/4/8,2597920809,50c9509d-22c7-4a22-a47d-8c48425ef4a7,iNaturalist research-grade observations,TW,Taiwan,,HUMAN_OBSERVATION,iNaturalist,Observations,41673594,Hong,Hong,https://www.inaturalist.org/observations/41673594,7211,2727,unique_grid,GBIF strict 2.5-min unique
Pistia_stratiotes,120.628865,24.181091,GBIF,2020/4/11,2603284045,50c9509d-22c7-4a22-a47d-8c48425ef4a7,iNaturalist research-grade observations,TW,Taichung,,HUMAN_OBSERVATION,iNaturalist,Observations,41881220,joy183,Chen Shu,https://www.inaturalist.org/observations/41881220,7215,2740,unique_grid,GBIF strict 2.5-min unique
Pistia_stratiotes,120.409827,23.541895,GBIF,2020/4/17,2609195528,50c9509d-22c7-4a22-a47d-8c48425ef4a7,iNaturalist research-grade observations,TW,Taiwan,,HUMAN_OBSERVATION,iNaturalist,Observations,42367669,mrsaru,Nick Belliveau,https://www.inaturalist.org/observations/42367669,7209,2725,unique_grid,GBIF strict 2.5-min unique
Pistia_stratiotes,120.376012,22.610503,GBIF,2020/4/25,2611044110,50c9509d-22c7-4a22-a47d-8c48425ef4a7,iNaturalist research-grade observations,TW,Kaohsiung,,HUMAN_OBSERVATION,iNaturalist,Observations,43825550,張哲綸,張哲綸,https://www.inaturalist.org/observations/43825550,7209,2702,unique_grid,GBIF strict 2.5-min unique
Pistia_stratiotes,120.923562,23.872074,GBIF,2020/5/22,2634005835,50c9509d-22c7-4a22-a47d-8c48425ef4a7,iNaturalist research-grade observations,TW,Taiwan,,HUMAN_OBSERVATION,iNaturalist,Observations,46816629,ssszzzqqq,ssszzzqqq,https://www.inaturalist.org/observations/46816629,7222,2732,unique_grid,GBIF strict 2.5-min unique
Pistia_stratiotes,120.556352,22.909537,GBIF,2020/6/24,4039161323,50c9509d-22c7-4a22-a47d-8c48425ef4a7,iNaturalist research-grade observations,TW,Kaohsiung,,HUMAN_OBSERVATION,iNaturalist,Observations,51982082,葉子,葉子,https://www.inaturalist.org/observations/51982082,7213,2709,unique_grid,GBIF strict 2.5-min unique
Pistia_stratiotes,120.379555,22.640609,GBIF,2020/6/23,6188085823,50c9509d-22c7-4a22-a47d-8c48425ef4a7,iNaturalist research-grade observations,TW,Kaohsiung,,HUMAN_OBSERVATION,iNaturalist,Observations,347838030,張哲綸,張哲綸,https://www.inaturalist.org/observations/347838030,7209,2703,unique_grid,GBIF strict 2.5-min unique
Pistia_stratiotes,120.329317,23.72314,GBIF,2020/8/22,2856552734,50c9509d-22c7-4a22-a47d-8c48425ef4a7,iNaturalist research-grade observations,TW,Taiwan,,HUMAN_OBSERVATION,iNaturalist,Observations,57202946,雲一百香果,雲一百香果,https://www.inaturalist.org/observations/57202946,7207,2729,unique_grid,GBIF strict 2.5-min unique
Pistia_stratiotes,120.403633,23.635905,GBIF,2020/10/23,2963766550,50c9509d-22c7-4a22-a47d-8c48425ef4a7,iNaturalist research-grade observations,TW,Taiwan,,HUMAN_OBSERVATION,iNaturalist,Observations,63290842,Hong,Hong,https://www.inaturalist.org/observations/63290842,7209,2727,unique_grid,GBIF strict 2.5-min unique
Pistia_stratiotes,120.498872,22.678147,GBIF,2020/11/8,2984499606,50c9509d-22c7-4a22-a47d-8c48425ef4a7,iNaturalist research-grade observations,TW,Taiwan,,HUMAN_OBSERVATION,iNaturalist,Observations,64419555,beingplace,taiwan_reevesia,https://www.inaturalist.org/observations/64419555,7211,2704,unique_grid,GBIF strict 2.5-min unique
Pistia_stratiotes,121.267188,24.960641,GBIF,2020/12/27,3014010818,50c9509d-22c7-4a22-a47d-8c48425ef4a7,iNaturalist research-grade observations,TW,Taipei,,HUMAN_OBSERVATION,iNaturalist,Observations,67136320,Wan-hsuan Kao,Wan-hsuan Kao,https://www.inaturalist.org/observations/67136320,7230,2759,unique_grid,GBIF strict 2.5-min unique
Pistia_stratiotes,121.228942,22.878395,GBIF,2020/12/13,3014036221,50c9509d-22c7-4a22-a47d-8c48425ef4a7,iNaturalist research-grade observations,TW,Taiwan,,HUMAN_OBSERVATION,iNaturalist,Observations,67343926,長鬃山羊,長鬃山羊,https://www.inaturalist.org/observations/67343926,7229,2709,unique_grid,GBIF strict 2.5-min unique
Pistia_stratiotes,120.629862,24.028327,GBIF,2020/12/27,4039315417,50c9509d-22c7-4a22-a47d-8c48425ef4a7,iNaturalist research-grade observations,TW,Taiwan,,HUMAN_OBSERVATION,iNaturalist,Observations,67503963,葉子,葉子,https://www.inaturalist.org/observations/67503963,7215,2736,unique_grid,GBIF strict 2.5-min unique
Pistia_stratiotes,113.97967,22.395247,GBIF,2020/4/24,2610944021,50c9509d-22c7-4a22-a47d-8c48425ef4a7,iNaturalist research-grade observations,HK,Tuen Mun,,HUMAN_OBSERVATION,iNaturalist,Observations,43132277,PK Yeung,PK Yeung,https://www.inaturalist.org/observations/43132277,7055,2697,unique_grid,GBIF strict 2.5-min unique
Pistia_stratiotes,120.587743,22.932021,GBIF,2019/1/31,4039166311,50c9509d-22c7-4a22-a47d-8c48425ef4a7,iNaturalist research-grade observations,TW,Kaohsiung,,HUMAN_OBSERVATION,iNaturalist,Observations,20046709,葉子,葉子,https://www.inaturalist.org/observations/20046709,7214,2710,unique_grid,GBIF strict 2.5-min unique
Pistia_stratiotes,120.786399,24.172575,GBIF,2019/2/17,2005360411,50c9509d-22c7-4a22-a47d-8c48425ef4a7,iNaturalist research-grade observations,TW,Taichung,,HUMAN_OBSERVATION,iNaturalist,Observations,20415909,避暑山莊,Naufal Urfi Dhiya'ulhaq,https://www.inaturalist.org/observations/20415909,7218,2740,unique_grid,GBIF strict 2.5-min unique
Pistia_stratiotes,121.115472,24.764125,GBIF,2019/4/27,2239024556,50c9509d-22c7-4a22-a47d-8c48425ef4a7,iNaturalist research-grade observations,TW,Taiwan,,HUMAN_OBSERVATION,iNaturalist,Observations,24282994,落花。生,落花。生,https://www.inaturalist.org/observations/24282994,7226,2754,unique_grid,GBIF strict 2.5-min unique
Pistia_stratiotes,120.283335,23.446386,GBIF,2019/5/18,3415911341,50c9509d-22c7-4a22-a47d-8c48425ef4a7,iNaturalist research-grade observations,TW,Taiwan,,HUMAN_OBSERVATION,iNaturalist,Observations,25298313,Tatsutomo Chin,Tatsutomo Chin,https://www.inaturalist.org/observations/25298313,7206,2722,unique_grid,GBIF strict 2.5-min unique
Pistia_stratiotes,121.155931,24.044503,GBIF,2019/7/6,2283203552,50c9509d-22c7-4a22-a47d-8c48425ef4a7,iNaturalist research-grade observations,TW,Taiwan,,HUMAN_OBSERVATION,iNaturalist,Observations,28351689,蔡昇洪,蔡昇洪,https://www.inaturalist.org/observations/28351689,7227,2737,unique_grid,GBIF strict 2.5-min unique
Pistia_stratiotes,121.852165,25.125149,GBIF,2019/10/2,2429356511,50c9509d-22c7-4a22-a47d-8c48425ef4a7,iNaturalist research-grade observations,TW,New Taipei,,HUMAN_OBSERVATION,iNaturalist,Observations,33788710,Hua Wan,Hua Wan,https://www.inaturalist.org/observations/33788710,7244,2763,unique_grid,GBIF strict 2.5-min unique
Pistia_stratiotes,120.210861,23.566,GBIF,2019/10/9,2429518305,50c9509d-22c7-4a22-a47d-8c48425ef4a7,iNaturalist research-grade observations,TW,Taiwan,,HUMAN_OBSERVATION,iNaturalist,Observations,34106340,Hong,Hong,https://www.inaturalist.org/observations/34106340,7205,2725,unique_grid,GBIF strict 2.5-min unique
Pistia_stratiotes,121.550731,24.902221,GBIF,2019/10/13,2429569307,50c9509d-22c7-4a22-a47d-8c48425ef4a7,iNaturalist research-grade observations,TW,New Taipei,,HUMAN_OBSERVATION,iNaturalist,Observations,34291568,travcoscott,travcoscott,https://www.inaturalist.org/observations/34291568,7237,2757,unique_grid,GBIF strict 2.5-min unique
Pistia_stratiotes,120.569462,24.336456,GBIF,2019/10/19,3355496341,50c9509d-22c7-4a22-a47d-8c48425ef4a7,iNaturalist research-grade observations,TW,Taichung,,HUMAN_OBSERVATION,iNaturalist,Observations,34572586,Aurorean,Aurorean,https://www.inaturalist.org/observations/34572586,7213,2744,unique_grid,GBIF strict 2.5-min unique
Pistia_stratiotes,120.831038,24.54805,GBIF,2019/11/26,3079525648,50c9509d-22c7-4a22-a47d-8c48425ef4a7,iNaturalist research-grade observations,TW,Taiwan,,HUMAN_OBSERVATION,iNaturalist,Observations,36084357,Tao Huang,Tao Huang,https://www.inaturalist.org/observations/36084357,7219,2749,unique_grid,GBIF strict 2.5-min unique
Pistia_stratiotes,114.146588,22.455129,GBIF,2019/5/22,2244309022,50c9509d-22c7-4a22-a47d-8c48425ef4a7,iNaturalist research-grade observations,HK,Tai Po,,HUMAN_OBSERVATION,iNaturalist,Observations,25550717,H.T.Cheng,H.T.Cheng,https://www.inaturalist.org/observations/25550717,7059,2698,unique_grid,GBIF strict 2.5-min unique
Pistia_stratiotes,114.196157,22.286548,GBIF,2019/11/6,2451736218,50c9509d-22c7-4a22-a47d-8c48425ef4a7,iNaturalist research-grade observations,HK,Eastern,,HUMAN_OBSERVATION,iNaturalist,Observations,35352321,tongsir,tongsir,https://www.inaturalist.org/observations/35352321,7060,2694,unique_grid,GBIF strict 2.5-min unique
Pistia_stratiotes,113.365981,23.181828,GBIF,2018/3/10,6178846824,50c9509d-22c7-4a22-a47d-8c48425ef4a7,iNaturalist research-grade observations,CN,Guangdong,,HUMAN_OBSERVATION,iNaturalist,Observations,342543290,kotatsuleo,kotatsuleo,https://www.inaturalist.org/observations/342543290,7040,2716,unique_grid,GBIF strict 2.5-min unique
Pistia_stratiotes,113.106705,22.94654,GBIF,2018/8/18,3302108592,50c9509d-22c7-4a22-a47d-8c48425ef4a7,iNaturalist research-grade observations,CN,Guangdong,,HUMAN_OBSERVATION,iNaturalist,Observations,80882812,zhangyuhong,zhangyuhong,https://www.inaturalist.org/observations/80882812,7034,2710,unique_grid,GBIF strict 2.5-min unique
Pistia_stratiotes,121.434926,31.252496,GBIF,2018/9/8,3785074310,50c9509d-22c7-4a22-a47d-8c48425ef4a7,iNaturalist research-grade observations,CN,Shanghai,,HUMAN_OBSERVATION,iNaturalist,Observations,25251333,Julie,Kai-Philipp Schablewski,https://www.inaturalist.org/observations/25251333,7234,2910,unique_grid,GBIF strict 2.5-min unique
Pistia_stratiotes,121.391633,23.593818,GBIF,2018/9/14,1920791895,50c9509d-22c7-4a22-a47d-8c48425ef4a7,iNaturalist research-grade observations,TW,Taiwan,,HUMAN_OBSERVATION,iNaturalist,Observations,16577594,Chung-Yen,Chung-Yen,https://www.inaturalist.org/observations/16577594,7233,2726,unique_grid,GBIF strict 2.5-min unique
Pistia_stratiotes,121.154725,22.93247,GBIF,2018/10/2,1920820121,50c9509d-22c7-4a22-a47d-8c48425ef4a7,iNaturalist research-grade observations,TW,Taiwan,,HUMAN_OBSERVATION,iNaturalist,Observations,17313653,taiwan_reevesia,taiwan_reevesia,https://www.inaturalist.org/observations/17313653,7227,2710,unique_grid,GBIF strict 2.5-min unique
Pistia_stratiotes,114.180697,22.466398,GBIF,2018/4/29,1841247433,50c9509d-22c7-4a22-a47d-8c48425ef4a7,iNaturalist research-grade observations,HK,Tai Po,,HUMAN_OBSERVATION,iNaturalist,Observations,11742003,Xoni,Xoni,https://www.inaturalist.org/observations/11742003,7060,2699,unique_grid,GBIF strict 2.5-min unique
Pistia_stratiotes,114.116943,22.228611,GBIF,2018/4/30,1841275266,50c9509d-22c7-4a22-a47d-8c48425ef4a7,iNaturalist research-grade observations,HK,Islands,,HUMAN_OBSERVATION,iNaturalist,Observations,11880881,Lolita,Lolita,https://www.inaturalist.org/observations/11880881,7058,2693,unique_grid,GBIF strict 2.5-min unique
Pistia_stratiotes,117.014878,36.671683,GBIF,2017/6/25,4413365532,50c9509d-22c7-4a22-a47d-8c48425ef4a7,iNaturalist research-grade observations,CN,Shandong,,HUMAN_OBSERVATION,iNaturalist,Observations,136423867,Charles,Charles,https://www.inaturalist.org/observations/136423867,7128,3040,unique_grid,GBIF strict 2.5-min unique
Pistia_stratiotes,120.23546,27.626431,GBIF,2016/8/28,6170938049,50c9509d-22c7-4a22-a47d-8c48425ef4a7,iNaturalist research-grade observations,CN,Zhejiang,,HUMAN_OBSERVATION,iNaturalist,Observations,340573148,"Lin, Zhanyi","Lin, Zhanyi",https://www.inaturalist.org/observations/340573148,7205,2823,unique_grid,GBIF strict 2.5-min unique
Pistia_stratiotes,98.012071,24.459525,GBIF,2015/3/26,5108146117,50c9509d-22c7-4a22-a47d-8c48425ef4a7,iNaturalist research-grade observations,CN,Yunnan,,HUMAN_OBSERVATION,iNaturalist,Observations,267173959,昆虫学liuye,M. Whitson,https://www.inaturalist.org/observations/267173959,6672,2747,unique_grid,GBIF strict 2.5-min unique
Pistia_stratiotes,121.6,24,GBIF,2015/8/16,6171070280,50c9509d-22c7-4a22-a47d-8c48425ef4a7,iNaturalist research-grade observations,TW,Taiwan,,HUMAN_OBSERVATION,iNaturalist,Observations,340336987,Yuxuan Liu,Yuxuan Liu,https://www.inaturalist.org/observations/340336987,7238,2736,unique_grid,GBIF strict 2.5-min unique
Pistia_stratiotes,110.116516,31.030343,GBIF,2014/9/13,3925075302,50c9509d-22c7-4a22-a47d-8c48425ef4a7,iNaturalist research-grade observations,CN,Chongqing,,HUMAN_OBSERVATION,iNaturalist,Observations,886518,Colin Meurk,Colin Meurk,https://www.inaturalist.org/observations/886518,6962,2904,unique_grid,GBIF strict 2.5-min unique
Pistia_stratiotes,114.422395,30.544577,GBIF,2014/10/2,4121237724,50c9509d-22c7-4a22-a47d-8c48425ef4a7,iNaturalist research-grade observations,CN,Hubei,,HUMAN_OBSERVATION,iNaturalist,Observations,161226804,hilyshao,hilyshao,https://www.inaturalist.org/observations/161226804,7066,2893,unique_grid,GBIF strict 2.5-min unique
Pistia_stratiotes,114.176394,22.578788,GBIF,2013/3/9,4919248329,50c9509d-22c7-4a22-a47d-8c48425ef4a7,iNaturalist research-grade observations,CN,Guangdong,,HUMAN_OBSERVATION,iNaturalist,Observations,68092683,小铖/Smalltown,小铖/Smalltown,https://www.inaturalist.org/observations/68092683,7060,2701,unique_grid,GBIF strict 2.5-min unique
Pistia_stratiotes,102.83322,24.87966,GBIF,2010/8/25,4046463065,50c9509d-22c7-4a22-a47d-8c48425ef4a7,iNaturalist research-grade observations,CN,Yunnan,,HUMAN_OBSERVATION,iNaturalist,Observations,149674374,David Clements,David Clements,https://www.inaturalist.org/observations/149674374,6787,2757,unique_grid,GBIF strict 2.5-min unique
Pistia_stratiotes,115.105,33.41,GBIF,2023/11/13,4437342301,1b26c417-366a-4eb0-a212-6ee8035d83fb,,CN,Henan,"Shenqiu  Section of Shaying River, a tributary of Huaihe River",HUMAN_OBSERVATION,CBCGDF,,,Volunteer,,,7082,2961,unique_grid,GBIF strict 2.5-min unique
Pistia_stratiotes,117.887,33.13,GBIF,2023/11/13,4438006302,1b26c417-366a-4eb0-a212-6ee8035d83fb,,CN,Anhui,Wuhe Section of the Huaihe River Mainstream,HUMAN_OBSERVATION,CBCGDF,,,Volunteer,,,7149,2955,unique_grid,GBIF strict 2.5-min unique
Pistia_stratiotes,120.340903,22.533806,GBIF,2023/11/22,5871969301,c507b38c-4650-4db0-931d-43363f273578,,TW,,,HUMAN_OBSERVATION,,,,s0919198373,,,7208,2700,unique_grid,GBIF strict 2.5-min unique
Pistia_stratiotes,121.23773,23.156826,GBIF,2022/7/5,4958610128,83cbdde7-998f-4354-95de-72d885cc5863,,TW,,學田橋,HUMAN_OBSERVATION,經濟部水利署第九河川局,,,禹安工程顧問股份有限公司,,,7229,2715,unique_grid,GBIF strict 2.5-min unique
Pistia_stratiotes,121.329793,23.322756,GBIF,2022/7/8,4958622552,83cbdde7-998f-4354-95de-72d885cc5863,,TW,,玉里大橋,HUMAN_OBSERVATION,經濟部水利署第九河川局,,,禹安工程顧問股份有限公司,,,7231,2719,unique_grid,GBIF strict 2.5-min unique
Pistia_stratiotes,121.270227,23.217991,GBIF,2022/7/6,4958622560,83cbdde7-998f-4354-95de-72d885cc5863,,TW,,崙天大橋,HUMAN_OBSERVATION,經濟部水利署第九河川局,,,禹安工程顧問股份有限公司,,,7230,2717,unique_grid,GBIF strict 2.5-min unique
Pistia_stratiotes,121.092741,24.747125,GBIF,2021/7/20,4958663853,83cbdde7-998f-4354-95de-72d885cc5863,,TW,,竹林大橋,HUMAN_OBSERVATION,經濟部水利署第二河川局,,,逢甲大學水利發展中心,,,7226,2753,unique_grid,GBIF strict 2.5-min unique
Pistia_stratiotes,121.496143,23.463018,GBIF,2021/8/23,4958622063,83cbdde7-998f-4354-95de-72d885cc5863,,TW,,河口右岸,HUMAN_OBSERVATION,經濟部水利署第九河川局,,,禹安工程顧問股份有限公司,,,7235,2723,unique_grid,GBIF strict 2.5-min unique
Pistia_stratiotes,121.440613,23.496493,GBIF,2021/8/23,4958622106,83cbdde7-998f-4354-95de-72d885cc5863,,TW,,原山奇美橋,HUMAN_OBSERVATION,經濟部水利署第九河川局,,,禹安工程顧問股份有限公司,,,7234,2723,unique_grid,GBIF strict 2.5-min unique
Pistia_stratiotes,121.407977,23.482869,GBIF,2021/8/23,4958622173,83cbdde7-998f-4354-95de-72d885cc5863,,TW,,瑞穗大橋,HUMAN_OBSERVATION,經濟部水利署第九河川局,,,禹安工程顧問股份有限公司,,,7233,2723,unique_grid,GBIF strict 2.5-min unique
Pistia_stratiotes,114.195719,22.239065,GBIF,2021/4/7,3959566311,14d5676a-2c54-4f94-9023-1e8dcd822aa0,,HK,,,HUMAN_OBSERVATION,,,,,,,7060,2693,unique_grid,GBIF strict 2.5-min unique
Pistia_stratiotes,121.620329,25.001564,GBIF,2016/11/17,3951464424,14d5676a-2c54-4f94-9023-1e8dcd822aa0,,TW,,,HUMAN_OBSERVATION,,,,,,,7238,2760,unique_grid,GBIF strict 2.5-min unique
Pistia_stratiotes,121.04147,24.71373,GBIF,2015/1/20,1313770364,e1f3be55-9f45-474c-8374-502b236e0ad0,,TW,Hsinchu,,HUMAN_OBSERVATION,,,,,,,7224,2753,unique_grid,GBIF strict 2.5-min unique
Pistia_stratiotes,121.76659,24.93963,GBIF,2015/2/10,1313770958,e1f3be55-9f45-474c-8374-502b236e0ad0,,TW,New Taipei,,HUMAN_OBSERVATION,,,,,,,7242,2758,unique_grid,GBIF strict 2.5-min unique
Pistia_stratiotes,120.92127,24.75817,GBIF,2015/3/3,1313771352,e1f3be55-9f45-474c-8374-502b236e0ad0,,TW,Hsinchu,,HUMAN_OBSERVATION,,,,,,,7222,2754,unique_grid,GBIF strict 2.5-min unique
Pistia_stratiotes,121.22789,25.05674,GBIF,2015/7/22,1313777907,e1f3be55-9f45-474c-8374-502b236e0ad0,,TW,Taoyuan,,HUMAN_OBSERVATION,,,,,,,7229,2761,unique_grid,GBIF strict 2.5-min unique
Pistia_stratiotes,114.18,22.43,GBIF,2015/7/28,3351557204,d8cd16ba-bb74-4420-821e-083f2bac17c2,,HK,,,PRESERVED_SPECIMEN,,,RQHN01002,Wang R.J. and Zhu S.S.,,https://www.ebi.ac.uk/ena/browser/view/MH049895,7060,2698,unique_grid,GBIF strict 2.5-min unique
Pistia_stratiotes,115.17,22.85,GBIF,2014/9/17,3990246188,d8cd16ba-bb74-4420-821e-083f2bac17c2,,CN,,,PRESERVED_SPECIMEN,,,RQHN00270,Wang R.J. and Zhu S.S.,,https://www.ebi.ac.uk/ena/browser/view/MH049896,7084,2708,unique_grid,GBIF strict 2.5-min unique
Pistia_stratiotes,108.3,22.83,GBIF,2014,4045010534,4515e736-fa02-44ee-9808-bf89445104fe,,CN,广西,,PRESERVED_SPECIMEN,IBK,,IBK00375329,韦春强,,http://nsii.org.cn/2017/specimen.php?id=16957148,6919,2707,unique_grid,GBIF strict 2.5-min unique
Pistia_stratiotes,121.85786,24.57579,GBIF,2014/2/1,1313764481,e1f3be55-9f45-474c-8374-502b236e0ad0,,TW,Yilan,,HUMAN_OBSERVATION,,,,,,,7244,2749,unique_grid,GBIF strict 2.5-min unique
Pistia_stratiotes,120.44149,23.04502,GBIF,2013/5/9,1313753460,e1f3be55-9f45-474c-8374-502b236e0ad0,,TW,Tainan,,HUMAN_OBSERVATION,,,,,,,7210,2713,unique_grid,GBIF strict 2.5-min unique
Pistia_stratiotes,120.58341,22.60305,GBIF,2012/3/29,1313735603,e1f3be55-9f45-474c-8374-502b236e0ad0,,TW,Pingtung,,HUMAN_OBSERVATION,,,,,,,7214,2702,unique_grid,GBIF strict 2.5-min unique
Pistia_stratiotes,120.52779,22.56658,GBIF,2012/5/9,1313737073,e1f3be55-9f45-474c-8374-502b236e0ad0,,TW,Pingtung,,HUMAN_OBSERVATION,,,,,,,7212,2701,unique_grid,GBIF strict 2.5-min unique
Pistia_stratiotes,120.55435,22.59692,GBIF,2012/5/9,1313737396,e1f3be55-9f45-474c-8374-502b236e0ad0,,TW,Pingtung,,HUMAN_OBSERVATION,,,,,,,7213,2702,unique_grid,GBIF strict 2.5-min unique
Pistia_stratiotes,120.60496,22.57751,GBIF,2012/5/22,1313737909,e1f3be55-9f45-474c-8374-502b236e0ad0,,TW,Pingtung,,HUMAN_OBSERVATION,,,,,,,7214,2701,unique_grid,GBIF strict 2.5-min unique
Pistia_stratiotes,120.38263,22.82365,GBIF,2012/9/26,1313741258,e1f3be55-9f45-474c-8374-502b236e0ad0,,TW,Kaohsiun,,HUMAN_OBSERVATION,,,,,,,7209,2707,unique_grid,GBIF strict 2.5-min unique
Pistia_stratiotes,120.048889,23.078889,GBIF,2012/12/25,3866729781,19c3400b-b7bb-425f-b8c5-f222648b86b2,,TW,,,PRESERVED_SPECIMEN,TAIE,,32382,Tsai-Wen Hsu (許再文),,https://taie.tbn.org.tw/specimen?catalognum=32382,7201,2713,unique_grid,GBIF strict 2.5-min unique
Pistia_stratiotes,121.171,23.04541,GBIF,2011/4/12,1313723514,e1f3be55-9f45-474c-8374-502b236e0ad0,,TW,Taitung,,HUMAN_OBSERVATION,,,,,,,7228,2713,unique_grid,GBIF strict 2.5-min unique
Pistia_stratiotes,121.44006,23.66116,GBIF,2011/6/15,1313727584,e1f3be55-9f45-474c-8374-502b236e0ad0,,TW,Hualien,,HUMAN_OBSERVATION,,,,,,,7234,2727,unique_grid,GBIF strict 2.5-min unique
Pistia_stratiotes,121.53468,23.86984,GBIF,2011/11/10,1313732274,e1f3be55-9f45-474c-8374-502b236e0ad0,,TW,Hualien,,HUMAN_OBSERVATION,,,,,,,7236,2732,unique_grid,GBIF strict 2.5-min unique
Pistia_stratiotes,111.38,29.58,GBIF,2007,4043512271,4515e736-fa02-44ee-9808-bf89445104fe,,CN,湖南,,PRESERVED_SPECIMEN,HNHPS,,483259,壶瓶山科考队,,http://www.nsii.org.cn/2017/specimen.php?id=10448649,6993,2869,unique_grid,GBIF strict 2.5-min unique
Pistia_stratiotes,119.82,28.9,GBIF,1989,4045470604,4515e736-fa02-44ee-9808-bf89445104fe,,CN,浙江,,PRESERVED_SPECIMEN,NAU,,2151C000Z000000326,郭水良,,http://www.nsii.org.cn/2017/specimen.php?id=9944201,7195,2853,unique_grid,GBIF strict 2.5-min unique
Pistia_stratiotes,108.07,26.38,GBIF,1987,4043545071,4515e736-fa02-44ee-9808-bf89445104fe,,CN,贵州,,PRESERVED_SPECIMEN,黔东南州民族医药研究所标本室,,102332,洪志琪,,http://www.nsii.org.cn/2017/specimen.php?id=10313121,6913,2793,unique_grid,GBIF strict 2.5-min unique
Pistia_stratiotes,116.12,30.15,GBIF,1987,4044595379,4515e736-fa02-44ee-9808-bf89445104fe,,CN,安徽,,PRESERVED_SPECIMEN,NAU,,2151C000Z000000325,强胜,,http://www.nsii.org.cn/2017/specimen.php?id=9944200,7106,2883,unique_grid,GBIF strict 2.5-min unique
Pistia_stratiotes,117.7,28.32,GBIF,1985,4043800970,4515e736-fa02-44ee-9808-bf89445104fe,,CN,江西,,PRESERVED_SPECIMEN,PE,,01705695,陈耀东 马欣堂,,http://nsii.org.cn/2017/specimen.php?id=5255316,7144,2839,unique_grid,GBIF strict 2.5-min unique
Pistia_stratiotes,118.03,27.77,GBIF,1982,4045024595,4515e736-fa02-44ee-9808-bf89445104fe,,CN,福建,,PRESERVED_SPECIMEN,TIE,,00056827,刘家宜,,http://www.nsii.org.cn/2017/specimen.php?id=16602869,7152,2826,unique_grid,GBIF strict 2.5-min unique
Pistia_stratiotes,97.93,24.72,GBIF,1978,4044769683,4515e736-fa02-44ee-9808-bf89445104fe,,CN,云南,,PRESERVED_SPECIMEN,SXU,,SD00011288,780队,,http://nsii.org.cn/2017/specimen.php?id=14982032,6670,2753,unique_grid,GBIF strict 2.5-min unique
Pistia_stratiotes,105.38,29.15,GBIF,1977,4045136898,4515e736-fa02-44ee-9808-bf89445104fe,,CN,四川,,PRESERVED_SPECIMEN,SM,,SM720900832,泸县组,,http://nsii.org.cn/2017/specimen.php?id=19708090,6849,2859,unique_grid,GBIF strict 2.5-min unique
Pistia_stratiotes,103.09,22.79,GBIF,1974,4043321392,4515e736-fa02-44ee-9808-bf89445104fe,,CN,云南,,PRESERVED_SPECIMEN,KUN,,69059,绿春队,,http://nsii.org.cn/2017/specimen.php?id=3408000,6794,2706,unique_grid,GBIF strict 2.5-min unique
Pistia_stratiotes,102.83,23.23,GBIF,1973,4043305146,4515e736-fa02-44ee-9808-bf89445104fe,,CN,云南,,PRESERVED_SPECIMEN,KUN,,69075,陶德定,,http://nsii.org.cn/2017/specimen.php?id=3407663,6787,2717,unique_grid,GBIF strict 2.5-min unique
Pistia_stratiotes,113.61,22.77,GBIF,1973,4044101335,4515e736-fa02-44ee-9808-bf89445104fe,,CN,云南,,PRESERVED_SPECIMEN,IBSC,,0612009,陶德定,,http://www.nsii.org.cn/2017/specimen.php?id=7007227,7046,2706,unique_grid,GBIF strict 2.5-min unique
Pistia_stratiotes,113.07,28.25,GBIF,1973,4044131274,4515e736-fa02-44ee-9808-bf89445104fe,,CN,湖南,,PRESERVED_SPECIMEN,HNNU,,2151C0001J00046419,s.n.,,http://nsii.org.cn/2017/specimen.php?id=8468490,7033,2838,unique_grid,GBIF strict 2.5-min unique
Pistia_stratiotes,119.13,28.08,GBIF,1972,4043949432,4515e736-fa02-44ee-9808-bf89445104fe,,CN,浙江,,PRESERVED_SPECIMEN,ZM,,ZMNH0048873,浙江药用植物志编写组,,http://nsii.org.cn/2017/specimen.php?id=18364114,7179,2833,unique_grid,GBIF strict 2.5-min unique
Pistia_stratiotes,114.52,26.33,GBIF,1970,4043964436,4515e736-fa02-44ee-9808-bf89445104fe,,CN,江西,,PRESERVED_SPECIMEN,PE,,01436543,236任务组,,http://nsii.org.cn/2017/specimen.php?id=6784555,7068,2791,unique_grid,GBIF strict 2.5-min unique
Pistia_stratiotes,114.75,25.65,GBIF,1967,4045062498,4515e736-fa02-44ee-9808-bf89445104fe,,CN,江西,,PRESERVED_SPECIMEN,GXMI,,GXMI047010,万煜,,http://www.nsii.org.cn/2017/specimen.php?id=5152200,7074,2775,unique_grid,GBIF strict 2.5-min unique
Pistia_stratiotes,91.14,29.65,GBIF,1964,4044293364,4515e736-fa02-44ee-9808-bf89445104fe,,CN,湖北,,PRESERVED_SPECIMEN,CCNU,,2151C0001M07020136,,,http://www.nsii.org.cn/2017/specimen.php?id=8569161,6507,2871,unique_grid,GBIF strict 2.5-min unique
Pistia_stratiotes,117.82,24.45,GBIF,1964,4044709768,4515e736-fa02-44ee-9808-bf89445104fe,,CN,福建,,PRESERVED_SPECIMEN,AU,,002791,颜素珠,,http://nsii.org.cn/2017/specimen.php?id=15782659,7147,2746,unique_grid,GBIF strict 2.5-min unique
Pistia_stratiotes,115.4,31.8,GBIF,1963,4044569788,4515e736-fa02-44ee-9808-bf89445104fe,,CN,河南,,PRESERVED_SPECIMEN,HENU,,0070293,何汝保,,http://nsii.org.cn/2017/specimen.php?id=2831505,7089,2923,unique_grid,GBIF strict 2.5-min unique
Pistia_stratiotes,101.57,21.48,GBIF,1960,4043331743,4515e736-fa02-44ee-9808-bf89445104fe,,CN,云南,,PRESERVED_SPECIMEN,KUN,,69072,李延辉,,http://nsii.org.cn/2017/specimen.php?id=3407999,6757,2675,unique_grid,GBIF strict 2.5-min unique
Pistia_stratiotes,112.18,23.92,GBIF,1959,4043764541,4515e736-fa02-44ee-9808-bf89445104fe,,CN,广东,,PRESERVED_SPECIMEN,IBSC,,0611998,陈国强,,http://nsii.org.cn/2017/specimen.php?id=16304440,7012,2734,unique_grid,GBIF strict 2.5-min unique
Pistia_stratiotes,114.02,32.8,GBIF,1958,4043301412,4515e736-fa02-44ee-9808-bf89445104fe,,CN,河南,,PRESERVED_SPECIMEN,KUN,,69062,,,http://nsii.org.cn/2017/specimen.php?id=3407811,7056,2947,unique_grid,GBIF strict 2.5-min unique
Pistia_stratiotes,116.33,26.33,GBIF,1958,4043324344,4515e736-fa02-44ee-9808-bf89445104fe,,CN,江西,,PRESERVED_SPECIMEN,KUN,,69076,胡启明,,http://nsii.org.cn/2017/specimen.php?id=3407810,7111,2791,unique_grid,GBIF strict 2.5-min unique
Pistia_stratiotes,113.58,23.55,GBIF,1958,4043746413,4515e736-fa02-44ee-9808-bf89445104fe,,CN,广东,,PRESERVED_SPECIMEN,IBSC,,0611996,中德釆集队,,http://nsii.org.cn/2017/specimen.php?id=16304438,7045,2725,unique_grid,GBIF strict 2.5-min unique
Pistia_stratiotes,102.12,26.88,GBIF,1958,4043792494,4515e736-fa02-44ee-9808-bf89445104fe,,CN,四川,,PRESERVED_SPECIMEN,NAS,,NAS00540278,何铸 唐世贵 李伯清,,http://nsii.org.cn/2017/specimen.php?id=16484669,6770,2805,unique_grid,GBIF strict 2.5-min unique
Pistia_stratiotes,102.27,27.9,GBIF,1958,4044481559,4515e736-fa02-44ee-9808-bf89445104fe,,CN,四川,,PRESERVED_SPECIMEN,SWU,,2151C0001A00033285,<td><td>,,http://nsii.org.cn/2017/specimen.php?id=9512249,6774,2829,unique_grid,GBIF strict 2.5-min unique
Pistia_stratiotes,100.82,38.43,GBIF,1958,4045135836,4515e736-fa02-44ee-9808-bf89445104fe,,CN,甘肃,,PRESERVED_SPECIMEN,GXMI,,GXMI047011,民乐药厂,,http://www.nsii.org.cn/2017/specimen.php?id=5152197,6739,3082,unique_grid,GBIF strict 2.5-min unique
Pistia_stratiotes,109.4,29.52,GBIF,1958,4045208623,4515e736-fa02-44ee-9808-bf89445104fe,,CN,湖北,,PRESERVED_SPECIMEN,HIB,,0138797,李洪钧,,http://nsii.org.cn/2017/specimen.php?id=2283372,6945,2868,unique_grid,GBIF strict 2.5-min unique
Pistia_stratiotes,99.83,23.47,GBIF,1957,4045195800,4515e736-fa02-44ee-9808-bf89445104fe,,CN,云南,,PRESERVED_SPECIMEN,WUK,,0205479,辛景三,,http://nsii.org.cn/2017/specimen.php?id=5460359,6715,2723,unique_grid,GBIF strict 2.5-min unique
Pistia_stratiotes,112.45,23.03,GBIF,1956,4044121155,4515e736-fa02-44ee-9808-bf89445104fe,,CN,广东,,PRESERVED_SPECIMEN,IBSC,,0611997,黄成,,http://nsii.org.cn/2017/specimen.php?id=7007155,7018,2712,unique_grid,GBIF strict 2.5-min unique
Pistia_stratiotes,115.98,29.68,GBIF,1956,4045157554,4515e736-fa02-44ee-9808-bf89445104fe,,CN,江西,,PRESERVED_SPECIMEN,NAS,,NAS00540273,,,http://www.nsii.org.cn/2017/specimen.php?id=16484664,7103,2872,unique_grid,GBIF strict 2.5-min unique
Pistia_stratiotes,100.7,23.5,GBIF,1955,4043699934,4515e736-fa02-44ee-9808-bf89445104fe,,CN,云南,,PRESERVED_SPECIMEN,IBSC,,0612010,中苏队,,http://nsii.org.cn/2017/specimen.php?id=16304302,6736,2724,unique_grid,GBIF strict 2.5-min unique
Pistia_stratiotes,109.45,19.23,GBIF,1945,4045105952,4515e736-fa02-44ee-9808-bf89445104fe,,CN,海南,,PRESERVED_SPECIMEN,IBSC,,0612001,海南东队,,http://nsii.org.cn/2017/specimen.php?id=16304443,6946,2621,unique_grid,GBIF strict 2.5-min unique
Pistia_stratiotes,121.62326,24.795777,GBIF,1905/10/10,3865427620,f873ef66-231a-4ea3-bd4d-a16f182bf337,,TW,,"Taihoku, Formosa",PRESERVED_SPECIMEN,ANSP,PH,PH00197212,G. Nakahara,,https://midatlanticherbaria.org/portal/collections/individual/index.php?occid=21616133,7238,2755,unique_grid,GBIF strict 2.5-min unique
Pistia_stratiotes,117.47,26.72,GBIF,1991,2417502471,3942a8dc-9f01-420d-a829-01675dc01c73,,CN,福建,,PRESERVED_SPECIMEN,PE,,01549772,陇西山考察队,,,7139,2801,unique_grid,GBIF strict 2.5-min unique
Pistia_stratiotes,111.13,29.42,GBIF,1984,2417593158,3942a8dc-9f01-420d-a829-01675dc01c73,,CN,湖南,,PRESERVED_SPECIMEN,PE,,01436546,湘西考察队,,,6987,2866,unique_grid,GBIF strict 2.5-min unique
Pistia_stratiotes,118.08,24.47,GBIF,1980,2417385483,3942a8dc-9f01-420d-a829-01675dc01c73,,CN,福建,,PRESERVED_SPECIMEN,PE,,01436548,陈耀东 倪瑞生,,,7153,2747,unique_grid,GBIF strict 2.5-min unique
Pistia_stratiotes,116.58,23.33,GBIF,1980,2417680872,3942a8dc-9f01-420d-a829-01675dc01c73,,CN,广东,,PRESERVED_SPECIMEN,PE,,01436550,陈耀东 倪瑞生,,,7117,2719,unique_grid,GBIF strict 2.5-min unique
Pistia_stratiotes,97.931861,24.705249,GBIF,1978,919463447,1b412457-43cf-4a6f-b5c2-7acf01be5977,,CN,云南,,PRESERVED_SPECIMEN,PE,,e39f214e-b6bf-11e1-8c2f-acd112e444a7,780工程,,,6670,2752,unique_grid,GBIF strict 2.5-min unique
Pistia_stratiotes,102.835218,23.219942,GBIF,1973,919603054,1b412457-43cf-4a6f-b5c2-7acf01be5977,,CN,云南,南沙附近,PRESERVED_SPECIMEN,PE,,dacc974b-b6bf-11e1-8c2f-acd112e444a7,陶德定,,,6788,2717,unique_grid,GBIF strict 2.5-min unique
Pistia_stratiotes,120.371944,23.416111,GBIF,1960/11/4,891648715,29d56be4-2b76-4a05-887d-633a3c6a9a83,,TW,,Nanching,PRESERVED_SPECIMEN,TAI,TAI120101,01,C.E.DeVol 隸慕華,C.E.DeVol 隸慕華,,7208,2721,unique_grid,GBIF strict 2.5-min unique
Pistia_stratiotes,120.75,30.75,GBIF,1959,2417407188,3942a8dc-9f01-420d-a829-01675dc01c73,,CN,浙江,,PRESERVED_SPECIMEN,PE,,01436539,浙江植物资源普查队,,,7218,2898,unique_grid,GBIF strict 2.5-min unique
Pistia_stratiotes,113.01,33.9,GBIF,1959,2417481963,3942a8dc-9f01-420d-a829-01675dc01c73,,CN,河南,,PRESERVED_SPECIMEN,PE,,01436531,普查标本,,,7032,2973,unique_grid,GBIF strict 2.5-min unique
Pistia_stratiotes,116.343476,26.326566,GBIF,1958,1030732861,af7d2594-6d4e-47e9-9f30-b7ebb3110f7b,,CN,江西,何家湾乡池溪社,PRESERVED_SPECIMEN,LBG,,ebc2541d-b6bf-11e1-8c2f-acd112e444a7,胡启明,,,7112,2791,unique_grid,GBIF strict 2.5-min unique
Pistia_stratiotes,120.62,30.99,GBIF,1958,2417396671,3942a8dc-9f01-420d-a829-01675dc01c73,,CN,江苏,,PRESERVED_SPECIMEN,PE,,01436534,叶德娴,,,7214,2903,unique_grid,GBIF strict 2.5-min unique
Pistia_stratiotes,109.4,29.49,GBIF,1958,2417636303,3942a8dc-9f01-420d-a829-01675dc01c73,,CN,湖北,,PRESERVED_SPECIMEN,PE,,01436547,李洪钧,,,6945,2867,unique_grid,GBIF strict 2.5-min unique
Pistia_stratiotes,120.17,30.27,GBIF,1958,2417644446,3942a8dc-9f01-420d-a829-01675dc01c73,,CN,浙江,,PRESERVED_SPECIMEN,PE,,01436537,Anonymous,,,7204,2886,unique_grid,GBIF strict 2.5-min unique
Pistia_stratiotes,115.972806,29.342501,GBIF,1957,1030732885,af7d2594-6d4e-47e9-9f30-b7ebb3110f7b,,CN,江西,,PRESERVED_SPECIMEN,LBG,,ebc253a8-b6bf-11e1-8c2f-acd112e444a7,沈绍金,,,7103,2864,unique_grid,GBIF strict 2.5-min unique
Pistia_stratiotes,103.086573,22.792186,GBIF,1956,919603020,1b412457-43cf-4a6f-b5c2-7acf01be5977,,CN,云南,三区新勐村,PRESERVED_SPECIMEN,PE,,dacc95fd-b6bf-11e1-8c2f-acd112e444a7,中苏联合云南考察团,,,6794,2707,unique_grid,GBIF strict 2.5-min unique
Pistia_stratiotes,110.16547,22.638462,GBIF,1956,1030949978,b54a3b16-b648-41ab-bd6f-d3881895daac,,CN,广西,城郊附近,PRESERVED_SPECIMEN,IBK,,e67983ad-b6bf-11e1-8c2f-acd112e444a7,钟树权,,,6963,2703,unique_grid,GBIF strict 2.5-min unique
Pistia_stratiotes,100.439656,23.224281,GBIF,1955,919603056,1b412457-43cf-4a6f-b5c2-7acf01be5977,,CN,云南,县城,PRESERVED_SPECIMEN,PE,,dacc966d-b6bf-11e1-8c2f-acd112e444a7,中苏调查团,,,6730,2717,unique_grid,GBIF strict 2.5-min unique
Pistia_stratiotes,120.300556,23.492778,GBIF,1942/6/11,891651094,29d56be4-2b76-4a05-887d-633a3c6a9a83,,TW,,Swantou,PRESERVED_SPECIMEN,TAI,TAI115136,36,森本林,,,7207,2723,unique_grid,GBIF strict 2.5-min unique
Pistia_stratiotes,102.491391,23.714836,GBIF,1941,919603044,1b412457-43cf-4a6f-b5c2-7acf01be5977,,CN,云南,城附近,PRESERVED_SPECIMEN,PE,,dacc96db-b6bf-11e1-8c2f-acd112e444a7,刘慎谔,,,6779,2729,unique_grid,GBIF strict 2.5-min unique
Pistia_stratiotes,100.709787,24.615701,GBIF,1939,919603040,1b412457-43cf-4a6f-b5c2-7acf01be5977,,CN,云南,Hsiao-Chan-Chien,PRESERVED_SPECIMEN,PE,,dacc99de-b6bf-11e1-8c2f-acd112e444a7,M.K.Li,,,6737,2750,unique_grid,GBIF strict 2.5-min unique
Pistia_stratiotes,100.799775,22.01071,GBIF,1936,919603034,1b412457-43cf-4a6f-b5c2-7acf01be5977,,CN,云南,小勐养,PRESERVED_SPECIMEN,PE,,dacc9896-b6bf-11e1-8c2f-acd112e444a7,C.W.Wang,,,6739,2688,unique_grid,GBIF strict 2.5-min unique
Pistia_stratiotes,100.452547,21.957355,GBIF,1936,919603038,1b412457-43cf-4a6f-b5c2-7acf01be5977,,CN,云南,,PRESERVED_SPECIMEN,PE,,dacc9970-b6bf-11e1-8c2f-acd112e444a7,C.W.Wang,,,6730,2686,unique_grid,GBIF strict 2.5-min unique
Pistia_stratiotes,108.310905,22.653799,GBIF,1936,1030949966,b54a3b16-b648-41ab-bd6f-d3881895daac,,CN,广西,窑头村,PRESERVED_SPECIMEN,IBK,,e679848d-b6bf-11e1-8c2f-acd112e444a7,梁向日,,,6919,2703,unique_grid,GBIF strict 2.5-min unique
Pistia_stratiotes,120.53828,22.78412,GBIF,2019/4/16,3774336280,83cbdde7-998f-4354-95de-72d885cc5863,,TW,,高樹大橋,OCCURRENCE,經濟部水利署第七河川局,,,艾奕康工程顧問股份有限公司,,,7212,2706,unique_grid,GBIF strict 2.5-min unique
Pistia_stratiotes,120.54642,22.7818,GBIF,2019/4/16,3774338248,83cbdde7-998f-4354-95de-72d885cc5863,,TW,,高樹大橋,OCCURRENCE,經濟部水利署第七河川局,,,艾奕康工程顧問股份有限公司,,,7213,2706,unique_grid,GBIF strict 2.5-min unique
Pistia_stratiotes,120.57197,22.91712,GBIF,2019/4/16,3774445229,83cbdde7-998f-4354-95de-72d885cc5863,,TW,,泰和橋,OCCURRENCE,經濟部水利署第七河川局,,,艾奕康工程顧問股份有限公司,,,7213,2710,unique_grid,GBIF strict 2.5-min unique
Pistia_stratiotes,120.88588,24.4668,GBIF,2013/9/5,3774339222,83cbdde7-998f-4354-95de-72d885cc5863,,TW,,弘文橋,OCCURRENCE,經濟部水利署第二河川局,,,禹安工程顧問股份有限公司,,,7221,2747,unique_grid,GBIF strict 2.5-min unique
